mssv,HK 1,HK 1 dat,HK 1 hoc lai,HK 2,HK 2 dat,HK 2 hoc lai,HK 3,HK 3 dat,HK 3 hoc lai,HK 4,HK 4 dat,HK 4 hoc lai,HK 5,HK 5 dat,HK 5 hoc lai,HK 6,HK 6 dat,HK 6 hoc lai,HK 7,HK 7 dat,HK 7 hoc lai,HK 8,HK 8 dat,HK 8 hoc lai,xep_loai_hoc_tap
181211577,5.6,13,0,6.0,9,3,6.5,14,3,7.0,17,0,6.4,9,0,8.5,9,0,7.6,3,0,8.5,12,0,Khá
181202279,7.2,13,0,8.0,12,0,6.6,17,0,8.5,17,0,7.8,9,0,9.1,9,0,9.9,3,0,8.5,12,0,Giỏi
181200545,6.8,13,0,6.0,12,0,6.0,17,0,7.0,15,2,5.7,9,0,7.0,9,0,6.9,3,0,7.6,12,0,Khá
181210367,6.1,10,3,6.4,6,6,5.6,17,0,6.7,17,0,6.6,9,0,7.9,9,0,8.3,3,0,8.2,12,0,Khá
181213379,7.3,13,0,7.6,12,0,6.5,17,0,6.2,14,3,6.0,9,0,6.5,9,0,8.7,3,0,8.2,12,0,Khá
181212011,7.6,13,0,8.4,12,0,7.2,17,0,7.6,17,0,7.8,9,0,8.1,9,0,8.7,3,0,8.6,12,0,Khá
181202577,8.7,13,0,8.8,12,0,8.3,17,0,8.9,17,0,8.7,9,0,9.5,9,0,10.0,3,0,9.3,12,0,Xuất sắc
181203621,5.3,13,0,6.5,9,3,5.6,14,3,5.6,14,3,6.7,9,0,7.7,9,0,8.7,3,0,7.5,12,0,Trung bình
181203460,7.5,13,0,6.7,12,0,8.1,17,0,9.3,17,0,8.2,9,0,9.1,9,0,10.0,3,0,9.3,12,0,Giỏi
181202227,7.5,13,0,7.7,12,0,7.6,17,0,7.7,17,0,6.6,6,3,9.0,9,0,10.0,3,0,8.7,12,0,Giỏi
181213164,5.8,13,0,7.6,12,0,6.6,17,0,7.3,17,0,6.8,9,0,7.3,9,0,10.0,3,0,8.6,12,0,Khá
181211927,7.6,13,0,8.4,12,0,8.4,17,0,8.2,17,0,7.9,9,0,9.4,9,0,10.0,3,0,8.3,12,0,Giỏi
181202654,7.6,13,0,7.4,12,0,6.9,17,0,6.8,15,2,5.8,6,3,7.9,9,0,8.7,3,0,9.1,12,0,Khá
181200376,8.9,13,0,7.6,12,0,7.5,17,0,7.3,17,0,8.1,9,0,8.0,9,0,10.0,3,0,8.3,2,10,Khá
181200916,6.0,13,0,6.6,9,3,5.4,17,0,5.2,15,2,7.1,3,6,6.9,9,0,8.7,3,0,7.6,12,0,Khá
181212423,9.1,13,0,9.3,12,0,8.2,17,0,7.5,17,0,7.1,9,0,6.5,9,0,8.7,3,0,8.7,12,0,Giỏi
181200610,5.1,13,0,6.0,12,0,5.8,14,3,5.4,14,3,6.4,9,0,7.8,9,0,8.7,3,0,7.9,12,0,Trung bình
881891005,6.7,13,0,5.7,12,0,6.5,17,0,6.1,17,0,6.1,9,0,7.1,9,0,6.9,3,0,8.0,12,0,Khá
181213890,8.9,13,0,8.4,12,0,8.2,17,0,7.0,17,0,6.6,9,0,7.9,9,0,10.0,3,0,8.0,12,0,Giỏi
181203531,5.8,10,3,6.3,12,0,7.0,11,6,5.6,15,2,6.7,6,3,6.5,9,0,7.6,3,0,7.4,12,0,Khá
181203140,5.8,13,0,6.6,12,0,6.3,17,0,6.0,14,3,5.7,9,0,7.9,9,0,8.3,3,0,6.6,2,10,Khá
181211071,6.6,10,3,5.0,12,0,7.7,17,0,7.9,17,0,7.2,9,0,8.4,9,0,10.0,3,0,8.9,12,0,Giỏi
181201168,8.3,11,2,7.8,12,0,7.2,17,0,8.2,17,0,6.2,9,0,7.7,9,0,8.7,3,0,7.6,12,0,Giỏi
181200401,5.9,11,2,6.3,9,3,6.7,11,6,5.9,14,3,5.1,6,3,7.1,9,0,6.9,3,0,7.7,12,0,Trung bình
181202999,8.5,13,0,7.8,12,0,7.9,17,0,8.6,17,0,7.5,9,0,7.9,9,0,8.7,3,0,9.3,12,0,Giỏi
181212110,7.7,13,0,8.5,12,0,8.3,17,0,8.9,17,0,8.1,9,0,9.0,9,0,10.0,3,0,9.1,12,0,Xuất sắc
181200830,7.0,13,0,7.3,12,0,7.1,17,0,8.3,17,0,7.4,9,0,8.1,9,0,6.2,3,0,8.4,12,0,Khá
181201828,6.4,13,0,6.3,12,0,5.6,17,0,6.6,17,0,6.1,9,0,7.0,9,0,6.2,3,0,7.9,12,0,Khá
181213373,7.8,13,0,8.6,12,0,7.9,17,0,8.3,17,0,7.1,9,0,8.1,9,0,8.7,3,0,9.4,12,0,Giỏi
181210257,5.0,13,0,6.2,12,0,5.6,17,0,6.5,17,0,6.3,9,0,7.6,9,0,9.5,3,0,9.2,12,0,Khá
171510196,7.3,13,0,6.7,12,0,7.4,17,0,7.7,17,0,4.9,3,6,6.7,9,0,9.5,3,0,9.4,12,0,Khá
181200834,7.3,13,0,7.1,12,0,7.1,17,0,7.1,17,0,6.6,9,0,7.6,9,0,7.6,3,0,7.9,12,0,Khá
181202020,7.0,13,0,7.1,12,0,6.7,17,0,6.8,17,0,6.3,6,3,7.2,9,0,8.0,3,0,9.5,12,0,Khá
181202183,7.4,13,0,8.0,12,0,6.8,17,0,7.6,17,0,6.1,9,0,7.2,9,0,8.7,3,0,8.7,12,0,Khá
181213053,8.0,13,0,8.4,12,0,7.4,17,0,7.0,17,0,6.2,9,0,8.1,9,0,8.7,3,0,8.3,12,0,Khá
181201867,6.5,13,0,6.6,9,3,5.7,14,3,6.4,17,0,6.3,9,0,8.0,9,0,10.0,3,0,9.1,12,0,Khá
181210426,6.2,13,0,5.6,6,6,6.6,14,3,6.1,12,5,5.4,3,6,7.5,9,0,8.7,3,0,7.0,2,10,Trung bình
181203812,6.6,13,0,6.0,12,0,6.0,17,0,7.0,17,0,6.6,6,3,7.5,9,0,7.3,3,0,8.0,12,0,Khá
181210042,5.3,13,0,5.4,9,3,5.7,14,3,5.7,9,8,4.6,9,0,6.4,9,0,6.9,3,0,7.4,12,0,Trung bình
181200839,7.3,13,0,7.0,12,0,6.4,17,0,6.8,17,0,6.1,9,0,8.1,9,0,6.2,3,0,8.1,12,0,Khá
181200938,6.3,13,0,4.8,12,0,6.5,17,0,6.9,17,0,7.2,6,3,6.6,9,0,8.0,3,0,7.9,12,0,Khá
181202289,6.7,13,0,6.7,12,0,7.0,17,0,7.4,17,0,7.5,9,0,8.8,9,0,10.0,3,0,9.0,12,0,Khá
181202417,6.0,10,3,7.3,9,3,7.0,17,0,6.0,17,0,6.7,9,0,6.6,9,0,7.6,3,0,8.0,2,10,Khá
181210162,5.3,10,3,5.0,9,3,5.6,14,3,5.1,17,0,5.4,9,0,6.5,9,0,6.9,3,0,8.0,12,0,Trung bình
181203247,6.2,13,0,5.2,12,0,6.6,17,0,7.2,17,0,7.1,9,0,7.5,9,0,8.7,3,0,8.0,12,0,Khá
181201589,6.0,11,2,5.3,12,0,5.2,17,0,5.4,17,0,6.2,9,0,7.7,9,0,10.0,3,0,7.7,12,0,Trung bình
181210278,6.4,13,0,4.7,12,0,5.8,14,3,6.1,12,5,5.4,9,0,6.7,6,3,8.3,3,0,8.1,2,10,Khá
181203887,7.4,13,0,8.2,12,0,7.4,17,0,8.2,17,0,7.6,9,0,7.4,9,0,9.5,3,0,8.3,12,0,Khá
181203481,6.7,13,0,8.8,9,3,8.0,17,0,8.5,17,0,8.2,9,0,9.2,9,0,9.6,3,0,9.4,12,0,Giỏi
181230217,6.7,13,0,6.3,12,0,7.0,15,2,7.4,17,0,6.7,9,0,7.8,9,0,9.9,3,0,8.1,12,0,Khá
181202718,7.2,13,0,7.8,9,3,6.1,17,0,7.9,17,0,6.1,9,0,7.3,9,0,6.9,3,0,8.2,12,0,Khá
181200697,6.0,13,0,5.8,12,0,8.1,17,0,8.5,17,0,7.9,9,0,9.5,9,0,9.5,3,0,9.1,12,0,Giỏi
181203234,5.1,10,3,6.6,6,6,5.6,14,3,5.5,15,2,5.6,9,0,6.4,9,0,7.6,3,0,8.2,12,0,Trung bình
181202286,6.1,11,2,6.5,9,3,6.5,17,0,6.2,17,0,7.8,9,0,8.6,9,0,9.2,3,0,8.3,12,0,Khá
181201503,6.1,13,0,6.0,9,3,6.2,17,0,6.8,17,0,7.4,9,0,8.0,9,0,8.3,3,0,6.8,12,0,Khá
181201841,7.3,13,0,7.4,12,0,5.7,17,0,6.1,17,0,6.3,9,0,6.9,9,0,8.2,3,0,8.6,12,0,Khá
181202681,6.4,11,2,6.9,9,3,5.9,11,6,6.9,17,0,6.2,9,0,7.4,9,0,8.4,3,0,8.6,12,0,Khá
181203411,6.3,11,2,6.8,9,3,6.6,17,0,7.0,17,0,6.6,9,0,6.4,9,0,8.5,3,0,6.8,12,0,Khá
181201630,7.7,13,0,8.1,12,0,8.1,17,0,9.1,17,0,8.9,9,0,9.7,9,0,9.9,3,0,9.0,12,0,Giỏi
181202600,8.9,13,0,9.3,12,0,8.5,17,0,9.6,17,0,8.8,9,0,9.5,9,0,8.7,3,0,9.3,12,0,Xuất sắc
181202287,7.9,13,0,7.3,12,0,8.8,17,0,8.5,17,0,8.4,9,0,9.0,9,0,9.9,3,0,9.1,12,0,Giỏi
181202480,7.5,13,0,8.7,9,3,7.2,17,0,7.7,17,0,6.6,9,0,6.8,9,0,9.5,3,0,8.0,12,0,Khá
181203997,6.1,10,3,6.7,12,0,5.4,14,3,6.5,17,0,5.7,9,0,6.2,6,3,6.4,3,0,8.2,2,10,Trung bình
181201824,7.3,13,0,7.0,12,0,6.5,17,0,6.9,17,0,6.4,9,0,6.9,9,0,9.0,3,0,8.7,12,0,Khá
181200752,6.4,13,0,6.4,12,0,6.5,17,0,7.6,17,0,8.2,9,0,7.9,9,0,8.8,3,0,8.9,12,0,Khá
181211533,6.3,13,0,6.9,9,3,6.9,9,8,7.1,14,3,6.0,9,0,7.9,9,0,6.6,3,0,8.5,12,0,Khá
181203962,9.3,13,0,9.8,12,0,8.1,17,0,9.9,17,0,8.6,9,0,9.4,9,0,9.2,3,0,8.9,12,0,Xuất sắc
181200448,8.0,13,0,7.4,12,0,8.2,17,0,8.6,17,0,7.8,9,0,8.6,9,0,9.0,3,0,7.8,12,0,Giỏi
181202264,8.4,13,0,8.2,12,0,8.4,17,0,8.8,17,0,9.1,9,0,9.8,9,0,8.9,3,0,8.7,12,0,Giỏi
181210075,7.7,13,0,6.7,12,0,7.9,17,0,8.3,17,0,8.5,9,0,8.4,9,0,9.2,3,0,8.4,12,0,Giỏi
181202626,6.5,13,0,7.2,12,0,7.5,15,2,7.9,17,0,7.0,9,0,7.1,9,0,9.4,3,0,8.3,12,0,Khá
181200857,8.0,13,0,8.0,12,0,6.5,17,0,8.2,17,0,6.9,9,0,7.1,9,0,9.7,3,0,8.2,12,0,Khá
181203522,7.2,13,0,7.0,12,0,6.0,17,0,6.3,17,0,6.1,9,0,6.3,9,0,5.7,3,0,8.1,2,10,Khá
181230078,7.0,13,0,6.7,12,0,6.7,17,0,7.7,17,0,8.3,9,0,8.3,9,0,9.0,3,0,8.7,12,0,Khá
181202483,6.1,13,0,6.4,12,0,5.4,17,0,6.0,17,0,7.0,9,0,7.4,9,0,9.7,3,0,8.3,12,0,Khá
181200616,7.5,13,0,7.8,12,0,6.9,17,0,8.1,14,3,7.7,9,0,7.1,9,0,8.9,3,0,7.4,12,0,Khá
181202249,9.1,13,0,8.3,12,0,8.2,17,0,9.5,17,0,8.8,9,0,9.4,9,0,9.9,3,0,9.0,12,0,Xuất sắc
181211884,6.6,13,0,7.1,12,0,6.3,17,0,7.3,14,3,7.1,9,0,7.2,9,0,8.0,3,0,8.6,12,0,Khá
181203050,6.0,13,0,6.1,9,3,5.0,17,0,6.3,17,0,7.1,9,0,6.6,9,0,6.1,3,0,8.0,12,0,Trung bình
181203948,6.3,13,0,6.2,12,0,5.5,5,12,5.3,17,0,5.2,9,0,5.7,6,3,6.0,3,0,7.2,12,0,Trung bình
181200084,6.7,13,0,7.1,12,0,5.3,17,0,6.5,14,3,7.3,9,0,8.0,9,0,8.7,3,0,6.5,12,0,Khá
181202342,6.3,13,0,5.9,12,0,7.4,9,8,6.2,17,0,7.6,9,0,7.8,9,0,6.4,3,0,8.7,12,0,Khá
181202201,6.7,13,0,5.7,9,3,6.3,17,0,6.5,14,3,5.8,9,0,6.8,6,3,9.0,3,0,7.3,12,0,Khá
181201458,7.4,13,0,7.5,12,0,7.1,17,0,7.9,17,0,6.7,9,0,6.6,9,0,9.7,3,0,8.7,12,0,Khá
181201403,7.1,13,0,4.9,12,0,7.4,17,0,7.4,17,0,7.8,9,0,8.6,6,3,9.0,3,0,8.0,12,0,Khá
181210621,6.3,10,3,6.7,3,9,5.6,11,6,6.5,14,3,6.6,9,0,7.3,9,0,8.5,3,0,8.3,12,0,Khá
181204095,7.5,13,0,6.3,12,0,7.0,17,0,6.9,17,0,7.0,9,0,7.0,6,3,6.9,3,0,8.8,12,0,Khá
181202094,5.2,13,0,6.6,3,9,6.0,11,6,7.4,17,0,5.6,9,0,6.0,9,0,7.4,3,0,7.4,12,0,Khá
181203886,6.8,13,0,6.0,12,0,6.6,14,3,6.8,17,0,6.4,9,0,7.9,9,0,8.1,3,0,8.2,12,0,Khá
181201622,6.3,13,0,6.1,6,6,5.1,8,9,6.0,17,0,6.0,9,0,7.0,3,6,8.3,3,0,8.4,12,0,Trung bình
181202412,8.3,13,0,8.5,9,3,7.5,17,0,7.6,17,0,7.8,9,0,7.0,9,0,7.8,3,0,8.2,12,0,Khá
181202231,8.7,13,0,7.1,12,0,7.1,17,0,8.2,17,0,8.1,9,0,8.8,9,0,9.9,3,0,8.7,12,0,Giỏi
181203069,8.8,13,0,9.4,12,0,9.3,17,0,9.4,17,0,9.1,9,0,9.3,9,0,8.7,3,0,9.5,12,0,Xuất sắc
181230369,6.7,11,2,6.0,12,0,6.4,14,3,6.0,15,2,5.5,6,3,7.9,9,0,8.3,3,0,7.4,12,0,Khá
181200912,6.1,8,5,5.7,9,3,6.5,14,3,6.6,17,0,7.0,9,0,6.7,9,0,8.3,3,0,8.6,12,0,Khá
181201248,7.6,10,3,5.2,12,0,6.6,17,0,8.7,17,0,7.5,9,0,7.7,9,0,10.0,3,0,8.9,12,0,Khá
181233518,5.9,8,5,6.0,6,6,6.5,17,0,5.7,17,0,7.7,6,3,9.2,9,0,8.3,3,0,8.7,12,0,Khá
181210341,7.1,11,2,8.2,9,3,7.5,15,2,8.3,17,0,8.0,9,0,7.6,9,0,8.0,3,0,8.3,12,0,Khá
181200766,9.1,13,0,7.8,12,0,7.8,17,0,8.5,17,0,7.1,9,0,8.5,9,0,8.3,3,0,9.2,12,0,Giỏi
181201629,5.7,13,0,7.1,9,3,6.0,17,0,7.6,17,0,7.7,9,0,8.6,9,0,8.3,3,0,8.8,2,10,Khá
181203048,7.7,13,0,5.2,12,0,6.6,17,0,8.3,17,0,7.7,9,0,9.7,9,0,8.3,3,0,8.6,12,0,Khá
181200921,8.7,13,0,7.4,12,0,7.4,17,0,8.6,17,0,7.0,9,0,8.9,9,0,8.7,3,0,8.6,12,0,Giỏi
181210675,7.4,13,0,6.9,12,0,7.9,17,0,8.8,17,0,7.7,9,0,9.9,9,0,8.7,3,0,9.2,12,0,Giỏi
181202326,6.2,13,0,6.8,9,3,6.3,17,0,7.6,17,0,8.3,9,0,9.3,9,0,8.7,3,0,9.2,12,0,Khá
181211737,6.4,13,0,6.1,9,3,7.3,17,0,6.8,17,0,7.7,9,0,7.5,9,0,8.3,3,0,8.5,12,0,Khá
181200566,7.0,13,0,8.4,12,0,9.0,17,0,9.6,17,0,9.3,9,0,9.9,9,0,8.7,3,0,9.3,12,0,Xuất sắc
181201226,6.8,11,2,5.7,6,6,6.3,17,0,5.7,15,2,7.0,6,3,7.9,9,0,8.0,3,0,8.9,12,0,Khá
181211416,6.8,13,0,7.6,12,0,9.1,17,0,9.2,17,0,8.0,9,0,9.9,9,0,10.0,3,0,8.7,12,0,Giỏi
181203302,7.7,13,0,7.1,12,0,7.2,17,0,7.2,17,0,7.8,9,0,8.4,9,0,8.7,3,0,8.5,12,0,Khá
181211854,5.9,11,2,6.2,9,3,6.2,17,0,6.4,17,0,6.5,9,0,8.0,9,0,8.3,3,0,8.3,12,0,Khá
181202589,6.1,10,3,5.8,9,3,6.9,14,3,6.7,17,0,7.6,9,0,9.3,9,0,8.7,3,0,8.5,2,10,Khá
181201651,8.1,13,0,8.6,12,0,7.8,17,0,9.5,17,0,7.9,9,0,8.4,9,0,8.3,3,0,8.8,12,0,Giỏi
181202980,7.0,13,0,6.4,12,0,6.7,17,0,6.1,17,0,7.0,9,0,7.1,9,0,7.6,3,0,7.9,12,0,Khá
181213396,6.1,7,6,4.9,12,0,5.6,14,3,5.2,14,3,5.4,9,0,6.2,9,0,7.6,3,0,8.5,2,10,Trung bình
181200683,6.7,13,0,7.6,9,3,8.1,17,0,9.4,17,0,8.4,9,0,7.8,9,0,7.6,3,0,8.3,12,0,Giỏi
181233102,8.4,13,0,6.4,12,0,7.1,17,0,7.5,17,0,8.4,9,0,9.8,9,0,8.7,3,0,9.1,12,0,Giỏi
181202727,6.5,13,0,7.0,6,6,5.5,17,0,6.2,17,0,6.2,9,0,8.4,9,0,7.7,3,0,8.4,12,0,Khá
181203034,7.7,13,0,7.0,12,0,7.5,17,0,7.2,17,0,7.1,9,0,9.2,9,0,8.7,3,0,8.8,12,0,Khá
181200299,6.1,13,0,6.2,9,3,6.4,17,0,6.2,17,0,5.2,9,0,7.6,9,0,10.0,3,0,8.4,12,0,Khá
181201088,8.7,11,2,7.6,12,0,7.3,17,0,7.9,17,0,7.3,9,0,9.8,9,0,8.7,3,0,9.1,12,0,Giỏi
181210088,8.3,13,0,8.3,6,6,8.1,17,0,8.2,17,0,7.8,9,0,9.4,9,0,10.0,3,0,9.2,12,0,Giỏi
181202508,6.7,13,0,8.0,12,0,7.6,17,0,6.9,17,0,7.7,9,0,8.7,9,0,8.7,3,0,9.0,12,0,Khá
181213609,6.7,5,8,5.9,6,6,6.6,17,0,5.9,15,2,6.8,6,3,7.5,9,0,8.7,3,0,8.2,12,0,Khá
181201868,8.2,13,0,9.3,12,0,7.3,15,2,6.5,17,0,7.5,9,0,7.2,9,0,8.7,3,0,9.6,12,0,Khá
181203827,7.2,10,3,6.3,9,3,6.2,14,3,5.6,17,0,5.7,6,3,7.0,9,0,8.7,3,0,8.1,12,0,Khá
181200777,9.0,13,0,9.0,12,0,8.9,17,0,8.8,17,0,9.0,9,0,9.7,9,0,8.3,3,0,9.0,12,0,Xuất sắc
181203305,8.7,13,0,8.4,12,0,8.3,17,0,9.0,17,0,7.5,9,0,9.3,9,0,7.6,3,0,9.2,12,0,Giỏi
181203068,9.2,13,0,8.9,12,0,8.4,17,0,9.4,17,0,8.9,9,0,9.7,9,0,8.0,3,0,8.8,12,0,Xuất sắc
181210997,6.6,13,0,7.7,9,3,7.9,17,0,8.2,17,0,9.5,9,0,9.9,9,0,8.3,3,0,8.8,12,0,Giỏi
181202785,7.3,13,0,7.9,9,3,7.5,14,3,7.9,17,0,7.9,9,0,8.2,9,0,8.7,3,0,8.4,12,0,Giỏi
181201176,6.1,13,0,5.5,3,9,5.7,17,0,6.5,12,5,6.3,6,3,7.5,9,0,6.2,3,0,8.1,12,0,Khá
181203202,7.3,13,0,7.6,12,0,6.9,17,0,7.5,17,0,7.8,9,0,7.6,9,0,8.7,3,0,8.5,12,0,Khá
181203181,6.5,10,3,5.0,9,3,5.2,14,3,6.3,15,2,6.0,9,0,7.7,9,0,8.0,3,0,8.5,12,0,Khá
181202446,7.5,13,0,6.9,12,0,8.0,17,0,8.8,17,0,8.6,9,0,9.7,9,0,10.0,3,0,8.7,12,0,Giỏi
181213624,8.4,13,0,7.9,9,3,7.1,17,0,7.6,17,0,7.9,9,0,8.6,9,0,8.7,3,0,9.2,12,0,Giỏi
181201766,7.0,13,0,5.5,12,0,5.8,17,0,6.0,17,0,6.8,9,0,7.0,9,0,8.7,3,0,8.8,12,0,Khá
181202473,8.5,13,0,8.1,12,0,7.4,17,0,8.9,17,0,7.7,9,0,9.2,9,0,8.7,3,0,8.6,12,0,Giỏi
181210552,7.2,13,0,7.2,12,0,8.6,17,0,8.3,17,0,8.4,9,0,8.9,9,0,9.7,3,0,8.8,12,0,Giỏi
181203847,8.0,13,0,8.5,12,0,7.6,17,0,8.6,17,0,8.6,9,0,8.5,9,0,10.0,3,0,8.9,12,0,Giỏi
181203544,6.7,13,0,6.3,12,0,6.7,17,0,7.1,17,0,6.3,9,0,7.9,9,0,9.5,3,0,8.8,12,0,Khá
181202809,5.2,13,0,6.5,9,3,5.5,17,0,7.4,17,0,6.9,9,0,9.1,9,0,9.4,3,0,7.9,12,0,Khá
181202599,5.9,13,0,6.3,9,3,5.1,17,0,6.5,17,0,5.6,9,0,7.5,9,0,9.0,3,0,7.9,12,0,Khá
181202447,6.9,13,0,6.0,12,0,7.4,17,0,7.9,17,0,7.3,9,0,7.8,9,0,9.5,3,0,8.4,12,0,Khá
181213472,6.9,13,0,5.8,12,0,6.5,17,0,6.5,17,0,6.0,9,0,7.3,9,0,9.2,3,0,8.2,12,0,Khá
181201649,8.1,13,0,6.8,12,0,8.4,17,0,7.6,17,0,7.7,9,0,9.2,9,0,9.9,3,0,8.7,12,0,Giỏi
181202562,6.8,13,0,7.3,9,3,7.8,17,0,7.8,17,0,6.3,9,0,8.3,9,0,9.4,3,0,8.5,12,0,Khá
181210228,5.2,13,0,6.0,12,0,5.9,15,2,6.7,17,0,7.5,9,0,8.6,9,0,9.0,3,0,7.8,12,0,Khá
181200875,6.0,11,2,5.4,12,0,5.8,14,3,7.1,15,2,7.8,9,0,6.0,9,0,9.7,3,0,8.5,12,0,Khá
181200767,8.5,13,0,8.8,12,0,8.4,17,0,8.9,17,0,7.7,9,0,7.2,9,0,9.5,3,0,8.8,12,0,Giỏi
181201020,5.2,13,0,6.2,9,3,5.8,14,3,7.2,11,6,7.1,6,3,7.6,6,3,8.0,3,0,7.9,12,0,Khá
181201893,6.4,13,0,7.7,9,3,6.6,14,3,5.5,15,2,5.8,9,0,6.1,6,3,7.8,3,0,8.0,2,10,Khá
181210015,6.6,11,2,6.6,9,3,7.8,17,0,8.1,17,0,7.9,9,0,9.2,9,0,9.0,3,0,9.0,12,0,Giỏi
181203677,7.3,13,0,7.7,12,0,7.1,17,0,7.6,17,0,7.5,9,0,9.3,9,0,9.2,3,0,8.4,12,0,Giỏi
181203077,6.0,11,2,5.9,6,6,5.0,14,3,6.7,17,0,6.7,9,0,9.3,9,0,9.0,3,0,8.6,12,0,Khá
181213060,8.0,13,0,7.2,12,0,7.5,17,0,8.3,17,0,7.3,9,0,7.2,9,0,9.9,3,0,8.5,12,0,Giỏi
181210140,8.5,13,0,7.9,12,0,8.1,17,0,7.2,14,3,8.2,9,0,9.2,9,0,9.9,3,0,9.0,12,0,Giỏi
181203415,6.6,11,2,5.9,9,3,5.7,17,0,7.4,14,3,6.8,9,0,7.5,9,0,9.5,3,0,8.7,12,0,Khá
181200351,6.9,13,0,6.6,9,3,8.7,17,0,9.0,17,0,9.1,9,0,9.0,9,0,9.9,3,0,9.5,12,0,Xuất sắc
181210258,5.8,7,6,5.2,12,0,6.2,11,6,5.7,17,0,5.7,6,3,6.5,3,6,8.5,3,0,8.8,12,0,Khá
181202880,7.9,13,0,6.6,12,0,6.3,17,0,7.0,17,0,6.2,9,0,8.3,9,0,8.1,3,0,8.2,12,0,Khá
181203245,8.3,13,0,7.6,12,0,7.8,17,0,7.8,17,0,7.9,9,0,9.6,9,0,9.5,3,0,7.9,12,0,Giỏi
181201831,6.1,13,0,5.2,12,0,7.1,17,0,7.5,17,0,7.6,9,0,8.7,9,0,8.8,3,0,8.8,12,0,Khá
181211845,7.5,13,0,5.9,9,3,5.8,17,0,6.5,17,0,5.3,9,0,8.3,9,0,9.9,3,0,8.0,12,0,Khá
181203228,8.3,13,0,7.7,12,0,8.4,17,0,8.5,17,0,8.6,9,0,9.2,9,0,9.5,3,0,8.8,12,0,Xuất sắc
181200836,6.5,13,0,7.7,12,0,7.1,17,0,8.1,17,0,7.9,9,0,8.9,9,0,9.2,3,0,8.7,12,0,Khá
181201962,8.9,13,0,8.5,12,0,8.2,17,0,7.8,17,0,7.3,9,0,9.8,9,0,9.9,3,0,8.7,12,0,Giỏi
181202531,7.7,11,2,6.2,12,0,6.0,17,0,7.3,17,0,8.0,9,0,8.3,9,0,9.2,3,0,7.9,12,0,Khá
181212177,7.0,13,0,6.6,12,0,7.2,17,0,7.1,17,0,4.7,9,0,8.5,9,0,9.5,3,0,7.7,12,0,Khá
181201949,6.4,11,2,5.8,12,0,7.6,17,0,7.5,17,0,7.3,9,0,7.4,9,0,6.8,3,0,8.1,12,0,Khá
181200582,7.4,10,3,6.4,9,3,5.3,17,0,5.6,17,0,6.9,6,3,7.7,9,0,8.7,3,0,8.7,12,0,Khá
181213477,6.4,13,0,5.9,12,0,6.8,17,0,7.2,17,0,7.0,9,0,7.8,9,0,9.7,3,0,8.2,12,0,Khá
181231936,9.2,13,0,8.6,12,0,7.9,17,0,8.6,17,0,8.1,9,0,8.5,9,0,9.9,3,0,8.6,12,0,Giỏi
181201714,6.8,13,0,6.7,12,0,6.8,17,0,7.1,17,0,7.3,9,0,7.3,9,0,9.4,3,0,8.0,12,0,Khá
181211780,6.5,13,0,6.8,12,0,6.3,14,3,6.4,17,0,6.2,9,0,8.1,6,3,6.7,3,0,8.3,12,0,Khá
181201887,7.7,13,0,7.8,12,0,6.6,17,0,8.3,17,0,7.4,9,0,8.8,9,0,9.9,3,0,8.4,12,0,Giỏi
181202889,9.0,13,0,7.3,12,0,8.0,17,0,7.9,17,0,7.1,9,0,7.2,9,0,8.8,3,0,8.1,12,0,Giỏi
181202261,6.0,13,0,7.0,12,0,7.1,17,0,7.4,17,0,8.0,9,0,9.3,9,0,9.9,3,0,8.4,12,0,Khá
181202131,7.1,2,11,5.4,6,6,5.8,14,3,6.9,15,2,5.0,9,0,6.8,9,0,8.8,3,0,8.8,2,10,Khá
181203688,6.2,13,0,5.8,12,0,6.3,17,0,6.9,17,0,5.4,9,0,6.1,6,3,8.0,3,0,8.0,12,0,Khá
181202267,6.8,13,0,7.5,9,3,6.7,14,3,7.6,17,0,6.2,9,0,8.5,9,0,8.7,3,0,8.4,2,10,Khá
181210168,7.7,11,2,7.2,12,0,7.6,17,0,7.2,17,0,7.3,9,0,8.5,9,0,8.7,3,0,8.5,12,0,Khá
181201178,8.4,13,0,7.6,12,0,6.9,17,0,8.0,17,0,8.1,9,0,8.5,9,0,9.9,3,0,8.7,12,0,Giỏi
181202441,7.6,13,0,8.0,12,0,7.3,17,0,8.1,17,0,7.8,9,0,7.8,9,0,9.0,3,0,8.4,12,0,Giỏi
181203879,6.8,13,0,6.5,12,0,7.0,17,0,7.7,14,3,7.5,9,0,7.9,9,0,9.5,3,0,8.0,12,0,Khá
181200171,7.1,11,2,7.5,9,3,6.5,17,0,6.7,14,3,4.6,9,0,7.0,9,0,8.9,3,0,7.2,2,10,Khá
181202679,6.8,13,0,6.7,12,0,8.7,17,0,8.7,17,0,7.5,9,0,9.5,9,0,9.7,3,0,8.2,12,0,Giỏi
181201732,6.8,10,3,6.4,12,0,6.1,17,0,7.1,17,0,6.7,9,0,8.3,9,0,8.5,3,0,8.7,12,0,Khá
191240003,7.9,14,0,7.9,13,0,8.9,17,0,8.2,16,0,8.4,9,0,7.7,9,0,9.4,3,0,9.1,12,0,Giỏi
191201705,7.3,14,0,8.5,13,0,7.4,17,0,8.7,16,0,8.7,9,0,8.1,9,0,9.2,3,0,8.8,12,0,Giỏi
191244077,5.5,12,2,6.5,7,6,5.7,11,6,7.3,16,0,8.2,9,0,5.7,9,0,6.7,3,0,8.2,12,0,Khá
191240086,6.2,14,0,7.3,10,3,5.6,17,0,8.1,13,3,8.2,9,0,6.2,9,0,8.3,3,0,8.8,12,0,Khá
191212181,6.1,14,0,5.5,13,0,5.5,17,0,7.3,16,0,7.9,9,0,6.4,9,0,8.2,3,0,8.7,12,0,Khá
191202433,6.7,14,0,7.3,13,0,9.1,17,0,8.9,16,0,9.0,9,0,9.7,9,0,9.7,3,0,9.3,12,0,Xuất sắc
191203607,7.2,8,6,6.0,10,3,6.9,15,2,7.5,16,0,7.5,9,0,6.9,9,0,5.2,3,0,8.4,12,0,Khá
191200274,7.5,14,0,8.7,13,0,8.1,17,0,8.5,16,0,8.8,9,0,8.6,9,0,7.6,3,0,9.6,12,0,Giỏi
191200325,8.3,11,3,8.0,13,0,7.5,17,0,7.7,16,0,8.6,9,0,7.4,9,0,6.5,3,0,8.9,12,0,Khá
191212666,8.4,14,0,8.3,13,0,9.1,17,0,9.0,16,0,8.4,9,0,8.5,9,0,9.7,3,0,8.2,2,10,Giỏi
191201402,7.3,14,0,8.2,13,0,7.5,17,0,8.4,16,0,8.7,9,0,7.1,9,0,8.5,3,0,9.2,12,0,Giỏi
191214460,5.8,14,0,8.1,13,0,6.3,17,0,6.9,16,0,8.4,9,0,6.3,9,0,7.7,3,0,9.0,12,0,Khá
191203651,7.7,11,3,7.9,10,3,7.4,17,0,8.3,16,0,8.1,9,0,8.1,9,0,8.9,3,0,8.6,12,0,Giỏi
191204476,8.4,14,0,8.6,13,0,8.3,17,0,8.6,16,0,8.3,9,0,8.4,9,0,8.3,3,0,8.5,12,0,Giỏi
191210502,7.5,14,0,8.7,13,0,8.7,17,0,8.7,16,0,8.8,9,0,9.3,9,0,9.5,3,0,8.8,12,0,Giỏi
191203691,7.8,14,0,8.8,13,0,6.6,17,0,8.3,16,0,8.1,9,0,7.1,9,0,8.0,3,0,8.2,12,0,Khá
191210564,7.0,14,0,7.3,13,0,6.3,17,0,7.7,16,0,7.9,9,0,7.0,9,0,7.6,3,0,8.6,12,0,Khá
191210593,6.7,14,0,7.0,13,0,7.6,17,0,7.7,16,0,7.8,9,0,7.6,9,0,6.4,3,0,8.0,12,0,Khá
191204228,9.2,14,0,9.4,13,0,9.3,17,0,8.9,16,0,8.3,9,0,9.2,9,0,9.4,3,0,8.5,12,0,Xuất sắc
191200656,7.0,14,0,5.9,13,0,6.8,14,3,7.4,16,0,8.2,9,0,6.3,9,0,8.8,3,0,8.2,12,0,Khá
191212716,6.4,14,0,6.4,13,0,6.3,17,0,8.8,16,0,8.6,9,0,8.9,9,0,8.7,3,0,8.4,12,0,Khá
191203294,6.0,14,0,6.1,13,0,6.1,17,0,7.9,16,0,8.3,9,0,7.0,9,0,9.0,3,0,8.4,12,0,Khá
191210859,6.5,11,3,6.9,13,0,7.7,17,0,7.6,16,0,7.5,9,0,6.7,9,0,5.9,3,0,8.9,12,0,Khá
191203366,8.5,14,0,9.1,13,0,9.2,17,0,9.4,16,0,9.1,9,0,9.7,9,0,9.7,3,0,9.1,12,0,Xuất sắc
191203380,7.7,14,0,7.4,13,0,7.7,17,0,8.8,16,0,8.9,9,0,8.6,9,0,9.9,3,0,8.9,12,0,Giỏi
191212908,7.5,14,0,8.4,13,0,8.5,17,0,9.1,16,0,8.3,9,0,8.5,9,0,9.5,3,0,8.1,12,0,Giỏi
191241029,7.3,14,0,6.9,13,0,5.6,17,0,8.3,16,0,8.0,9,0,8.3,9,0,9.1,3,0,7.6,12,0,Khá
191201043,6.3,14,0,6.2,10,3,5.7,11,6,8.2,16,0,7.1,9,0,6.2,9,0,9.3,3,0,8.1,12,0,Khá
191211531,6.8,14,0,6.1,13,0,6.4,14,3,7.1,16,0,8.1,9,0,6.6,9,0,6.3,3,0,8.6,12,0,Khá
191202390,6.9,14,0,6.7,10,3,6.9,17,0,8.6,16,0,8.5,9,0,9.1,9,0,9.3,3,0,9.1,12,0,Giỏi
191201161,5.2,14,0,6.6,10,3,6.6,17,0,7.4,16,0,8.7,9,0,6.5,9,0,7.0,3,0,8.3,12,0,Khá
191212940,6.2,14,0,7.5,13,0,7.7,17,0,8.2,16,0,8.2,9,0,7.1,9,0,9.7,3,0,8.1,12,0,Khá
191240027,7.3,14,0,7.5,13,0,6.6,17,0,7.2,16,0,8.0,9,0,6.9,9,0,8.5,3,0,8.7,12,0,Khá
191210095,8.5,14,0,8.6,13,0,7.5,17,0,8.1,16,0,7.0,9,0,7.5,6,3,7.4,3,0,7.5,12,0,Khá
191202988,9.1,14,0,9.0,13,0,8.5,17,0,9.3,16,0,8.7,9,0,9.0,9,0,9.7,3,0,9.1,12,0,Xuất sắc
191213011,7.6,14,0,7.6,13,0,6.4,17,0,8.6,16,0,7.8,9,0,7.1,9,0,7.9,3,0,7.6,12,0,Khá
191210198,7.2,14,0,6.4,13,0,6.4,6,11,6.3,14,2,6.7,9,0,6.0,3,6,5.7,3,0,7.8,12,0,Khá
191211584,5.1,14,0,5.6,10,3,6.4,14,3,7.3,13,3,5.8,9,0,5.3,9,0,7.6,3,0,6.4,12,0,Trung bình
191202649,6.4,11,3,6.9,10,3,8.0,17,0,8.3,16,0,7.4,9,0,6.0,9,0,8.5,3,0,8.0,12,0,Khá
191210278,6.0,14,0,6.8,13,0,6.6,17,0,8.6,16,0,8.2,9,0,7.0,9,0,8.5,3,0,7.4,12,0,Khá
191202007,8.3,14,0,9.3,13,0,9.0,17,0,9.2,16,0,8.5,9,0,8.2,9,0,7.8,3,0,9.0,12,0,Giỏi
191200299,5.3,14,0,8.0,13,0,7.9,17,0,8.1,16,0,7.9,9,0,7.6,9,0,5.6,3,0,8.7,12,0,Khá
191212027,7.0,14,0,7.0,13,0,7.6,17,0,7.7,16,0,6.6,9,0,5.7,9,0,9.6,3,0,8.5,12,0,Khá
191201751,7.6,14,0,8.0,13,0,8.4,17,0,8.9,16,0,8.7,9,0,7.0,9,0,9.6,3,0,8.7,12,0,Giỏi
191203940,7.0,8,6,8.2,11,2,8.3,15,2,7.7,16,0,8.5,9,0,7.8,6,3,8.7,3,0,7.8,2,10,Khá
191200409,8.1,14,0,8.6,13,0,9.2,17,0,8.6,16,0,8.3,9,0,9.4,9,0,7.4,3,0,8.6,12,0,Giỏi
191203151,8.1,14,0,7.9,13,0,7.5,17,0,8.3,16,0,8.2,9,0,8.0,9,0,9.7,3,0,8.6,12,0,Giỏi
191200477,7.0,14,0,6.9,13,0,7.5,17,0,8.8,16,0,8.2,9,0,6.9,9,0,6.3,3,0,7.9,12,0,Khá
191211627,7.7,14,0,8.3,13,0,7.9,17,0,8.2,16,0,9.1,9,0,8.2,9,0,8.5,3,0,8.6,12,0,Giỏi
191200552,8.3,14,0,8.3,13,0,8.4,17,0,8.8,16,0,8.5,9,0,8.7,9,0,9.0,3,0,8.8,12,0,Xuất sắc
191202271,6.5,14,0,7.2,13,0,7.8,17,0,8.2,16,0,8.5,9,0,7.1,9,0,7.3,3,0,7.6,12,0,Khá
191203255,6.5,14,0,6.0,10,3,6.0,17,0,6.7,13,3,7.5,9,0,5.8,9,0,8.2,3,0,9.0,12,0,Khá
191202291,6.2,11,3,5.4,13,0,5.2,15,2,6.9,16,0,7.6,9,0,6.2,9,0,7.8,3,0,7.2,12,0,Khá
191201552,8.2,14,0,8.4,13,0,7.4,17,0,8.7,16,0,8.3,9,0,7.7,9,0,9.0,3,0,8.9,12,0,Giỏi
191213281,5.6,11,3,6.5,10,3,5.7,17,0,7.6,16,0,8.4,9,0,6.9,9,0,9.3,3,0,8.8,12,0,Khá
191203771,7.8,14,0,8.0,13,0,7.5,17,0,8.0,13,3,8.0,9,0,7.3,9,0,9.2,3,0,9.1,12,0,Khá
191204283,8.3,14,0,8.6,13,0,7.3,17,0,7.5,16,0,8.1,9,0,7.3,9,0,9.3,3,0,8.9,12,0,Giỏi
191203339,5.4,14,0,7.2,13,0,6.4,17,0,8.7,16,0,7.5,9,0,7.5,9,0,9.0,3,0,8.2,12,0,Khá
191201664,7.6,11,3,7.5,13,0,6.4,17,0,8.0,16,0,7.6,9,0,6.5,9,0,6.4,3,0,7.5,12,0,Khá
191203809,8.3,14,0,9.3,13,0,8.1,17,0,8.7,16,0,8.4,9,0,8.7,9,0,8.3,3,0,8.7,12,0,Giỏi
191202132,6.7,14,0,6.7,8,5,5.9,17,0,8.5,16,0,7.0,9,0,5.8,6,3,7.1,3,0,8.3,12,0,Khá
191240931,6.5,14,0,7.4,13,0,7.2,17,0,8.2,16,0,8.0,9,0,6.5,9,0,9.3,3,0,8.9,12,0,Khá
191200957,6.8,11,3,7.3,10,3,5.2,14,3,7.3,16,0,8.1,9,0,6.5,9,0,7.8,3,0,8.9,12,0,Khá
191210976,7.9,14,0,7.7,13,0,6.5,17,0,7.9,16,0,8.0,9,0,6.0,9,0,7.5,3,0,8.5,12,0,Khá
191243429,6.6,14,0,7.8,13,0,6.7,17,0,7.2,16,0,8.1,9,0,8.6,6,3,7.8,3,0,8.6,12,0,Khá
191201000,7.4,14,0,8.3,13,0,7.1,15,2,9.0,16,0,8.9,9,0,7.7,9,0,9.2,3,0,8.1,12,0,Giỏi
191211036,7.2,14,0,8.9,13,0,8.6,17,0,8.7,16,0,9.1,9,0,7.4,9,0,8.0,3,0,7.9,12,0,Giỏi
191203502,7.1,14,0,8.4,13,0,6.6,15,2,7.5,16,0,7.9,9,0,6.7,9,0,7.5,3,0,8.2,12,0,Khá
191214047,4.9,11,3,5.3,10,3,5.3,15,2,5.9,16,0,7.4,9,0,4.9,3,6,5.6,3,0,8.2,12,0,Trung bình
191213518,6.2,14,0,6.0,10,3,5.9,17,0,6.6,16,0,7.9,9,0,6.1,9,0,7.4,3,0,8.9,12,0,Khá
191204050,7.8,14,0,7.7,13,0,7.6,17,0,8.7,16,0,8.4,9,0,7.6,9,0,9.3,3,0,8.7,12,0,Giỏi
191202943,7.1,14,0,7.8,13,0,7.5,17,0,8.4,16,0,7.6,9,0,8.4,9,0,8.7,3,0,8.8,12,0,Giỏi
191201864,7.4,14,0,7.7,13,0,8.6,17,0,8.0,14,2,7.0,9,0,8.1,9,0,7.3,3,0,8.5,12,0,Giỏi
191204096,7.0,14,0,7.5,13,0,7.2,17,0,8.4,16,0,7.7,9,0,7.2,9,0,6.3,3,0,9.0,12,0,Khá
191203031,7.5,14,0,7.9,13,0,8.7,17,0,9.0,16,0,9.2,9,0,9.1,9,0,8.1,3,0,8.5,12,0,Giỏi
191213923,5.6,14,0,7.0,13,0,6.1,17,0,7.2,14,2,6.3,9,0,5.3,9,0,6.3,3,0,8.4,2,10,Khá
160713649,8.0,11,3,8.0,7,6,6.6,5,12,7.1,14,2,7.9,9,0,6.9,3,6,7.8,3,0,8.2,12,0,Khá
191200222,7.5,14,0,8.0,13,0,8.8,17,0,8.0,16,0,7.9,9,0,8.8,9,0,9.4,3,0,8.3,12,0,Giỏi
191203054,7.1,14,0,6.8,13,0,6.6,17,0,8.5,16,0,8.6,9,0,6.3,9,0,6.3,3,0,8.5,12,0,Khá
191201375,6.2,14,0,7.3,13,0,6.0,17,0,8.1,16,0,8.0,9,0,6.9,9,0,8.0,3,0,8.5,12,0,Khá
191212658,8.0,14,0,6.7,10,3,6.6,17,0,7.1,16,0,7.9,9,0,7.6,9,0,5.7,3,0,9.2,12,0,Khá
191202211,7.6,14,0,8.0,13,0,8.2,17,0,8.6,16,0,7.2,9,0,7.9,9,0,7.7,3,0,9.0,12,0,Giỏi
191210306,6.2,8,6,5.7,13,0,5.6,17,0,5.7,16,0,6.7,9,0,6.1,6,3,7.4,3,0,8.7,12,0,Khá
181210119,7.4,14,0,7.7,13,0,8.1,17,0,8.8,16,0,8.9,9,0,8.8,9,0,9.0,3,0,9.1,12,0,Giỏi
191201753,7.3,14,0,7.2,13,0,7.5,17,0,8.4,16,0,9.1,9,0,8.3,9,0,9.7,3,0,8.6,12,0,Giỏi
191202830,9.0,14,0,9.6,13,0,8.3,17,0,8.7,16,0,9.1,9,0,8.8,9,0,9.2,3,0,8.4,12,0,Xuất sắc
191202485,6.9,14,0,6.3,13,0,6.7,17,0,7.5,16,0,6.6,9,0,5.7,9,0,7.7,3,0,8.1,12,0,Khá
191201474,6.1,11,3,6.6,13,0,5.7,11,6,6.8,16,0,6.7,9,0,6.0,9,0,7.3,3,0,8.6,12,0,Khá
191200479,5.9,11,3,6.5,13,0,6.7,17,0,7.1,16,0,7.6,9,0,7.1,9,0,6.7,3,0,8.5,12,0,Khá
191201382,6.4,14,0,6.8,13,0,6.6,17,0,7.1,16,0,8.0,9,0,6.6,9,0,6.0,3,0,8.1,12,0,Khá
191212065,7.7,14,0,7.0,13,0,8.3,17,0,7.7,16,0,6.5,9,0,8.1,9,0,8.2,3,0,8.6,12,0,Giỏi
191203706,8.2,14,0,8.3,13,0,7.9,17,0,8.7,16,0,8.5,9,0,7.7,9,0,7.9,3,0,7.6,12,0,Giỏi
191200614,6.9,14,0,8.6,13,0,8.5,17,0,8.1,16,0,8.5,9,0,8.1,9,0,9.0,3,0,8.4,12,0,Giỏi
191202533,6.6,14,0,8.3,13,0,6.9,15,2,7.7,14,2,7.2,9,0,5.7,9,0,6.0,3,0,7.3,2,10,Khá
191200661,7.9,14,0,8.2,13,0,8.7,17,0,8.3,16,0,8.9,9,0,7.4,9,0,7.9,3,0,8.7,12,0,Giỏi
191213283,6.4,11,3,8.2,13,0,7.1,17,0,7.5,14,2,7.7,9,0,5.5,3,6,4.7,3,0,8.2,12,0,Khá
191202717,6.6,14,0,6.3,13,0,7.5,17,0,7.6,16,0,7.5,9,0,7.4,9,0,8.7,3,0,7.3,12,0,Khá
191203295,7.4,14,0,7.3,13,0,6.4,14,3,7.0,16,0,6.6,6,3,6.2,6,3,7.3,0,3,7.7,10,2,Khá
191203768,7.4,14,0,8.6,13,0,7.1,17,0,8.3,16,0,8.1,9,0,9.2,9,0,7.4,3,0,8.5,12,0,Giỏi
191200803,6.5,14,0,8.5,11,2,8.2,17,0,7.5,16,0,7.4,9,0,7.9,9,0,7.5,3,0,8.9,12,0,Giỏi
191204543,8.0,14,0,8.8,13,0,8.5,17,0,8.3,16,0,8.2,9,0,7.9,9,0,8.7,3,0,8.5,12,0,Giỏi
191203374,7.9,14,0,8.4,13,0,8.0,17,0,8.9,16,0,8.4,9,0,9.1,9,0,9.0,3,0,9.3,12,0,Giỏi
191200897,7.2,14,0,9.0,13,0,8.6,17,0,8.1,16,0,7.8,9,0,9.4,9,0,8.5,3,0,8.5,12,0,Giỏi
191201336,9.6,14,0,9.7,13,0,8.8,17,0,9.4,16,0,9.0,9,0,9.8,9,0,9.5,3,0,9.7,12,0,Xuất sắc
191200926,6.1,14,0,6.6,10,3,6.1,17,0,7.1,16,0,7.5,9,0,6.6,9,0,9.4,3,0,8.2,12,0,Khá
191211279,6.9,14,0,7.5,13,0,6.3,17,0,7.7,16,0,7.4,9,0,5.6,9,0,7.6,3,0,8.5,12,0,Khá
191204331,6.7,14,0,9.4,13,0,7.6,17,0,8.6,16,0,7.5,9,0,8.7,9,0,9.5,3,0,7.7,12,0,Giỏi
191201528,6.7,11,3,7.8,13,0,6.1,14,3,6.9,14,2,7.9,9,0,5.8,9,0,6.7,3,0,7.9,12,0,Khá
191202742,7.9,14,0,9.1,13,0,8.5,17,0,7.7,16,0,9.0,9,0,8.9,9,0,7.3,3,0,9.2,12,0,Giỏi
191211001,5.3,14,0,5.7,13,0,5.9,17,0,6.7,16,0,6.4,6,3,5.4,9,0,5.9,3,0,7.8,12,0,Khá
191204771,5.8,11,3,7.3,4,9,5.9,11,6,5.6,8,8,6.6,3,6,5.7,6,3,5.2,3,0,7.4,12,0,Trung bình
191211079,7.0,14,0,7.3,13,0,7.3,17,0,6.9,16,0,7.7,9,0,7.3,9,0,8.0,0,3,8.0,12,0,Khá
191201089,7.0,11,3,5.6,13,0,6.1,14,3,6.5,16,0,7.5,9,0,5.5,9,0,8.0,3,0,8.6,12,0,Khá
191201396,6.7,14,0,6.7,10,3,5.9,17,0,6.6,16,0,6.5,9,0,6.4,6,3,8.2,3,0,8.2,12,0,Khá
191204392,7.8,14,0,8.2,13,0,7.4,17,0,8.1,14,2,7.4,9,0,7.5,6,3,9.0,3,0,7.1,12,0,Khá
191201134,8.3,14,0,8.5,13,0,8.5,17,0,8.1,16,0,8.2,9,0,8.7,9,0,5.8,3,0,8.6,12,0,Giỏi
191213566,6.8,11,3,6.7,13,0,6.6,17,0,8.5,16,0,9.3,9,0,7.7,9,0,8.3,3,0,8.5,12,0,Khá
191200031,8.5,14,0,9.1,13,0,8.8,17,0,9.2,16,0,8.9,9,0,8.7,9,0,8.3,3,0,8.7,12,0,Xuất sắc
191210066,8.5,14,0,8.8,13,0,8.5,17,0,9.2,16,0,9.3,9,0,8.0,9,0,9.0,3,0,9.0,12,0,Xuất sắc
191212968,5.9,14,0,6.0,13,0,7.0,14,3,6.4,14,2,7.0,9,0,6.6,9,0,6.6,3,0,8.4,12,0,Khá
191200121,7.4,14,0,8.7,13,0,8.1,17,0,8.8,16,0,8.6,9,0,8.3,9,0,7.6,3,0,7.9,12,0,Giỏi
191212421,7.8,14,0,8.1,13,0,8.4,17,0,8.5,16,0,8.9,9,0,8.4,9,0,9.0,3,0,8.8,12,0,Giỏi
191200207,7.8,14,0,8.5,13,0,7.6,17,0,8.3,16,0,8.6,9,0,7.1,9,0,7.6,3,0,9.0,12,0,Giỏi
191200219,7.0,14,0,7.3,13,0,7.2,17,0,7.7,16,0,8.3,9,0,7.2,9,0,6.9,3,0,8.1,12,0,Khá
191201322,7.5,14,0,8.3,13,0,8.1,17,0,8.1,16,0,8.8,9,0,7.3,9,0,6.3,3,0,8.6,12,0,Giỏi
191200263,7.4,14,0,6.5,13,0,6.9,17,0,8.3,16,0,8.7,9,0,7.0,9,0,9.0,3,0,8.6,12,0,Giỏi
191202209,5.2,14,0,6.8,13,0,6.4,17,0,7.8,16,0,7.1,9,0,6.3,9,0,8.0,3,0,8.1,12,0,Khá
191200298,6.9,14,0,7.4,13,0,7.0,17,0,7.5,16,0,8.1,9,0,6.6,9,0,6.6,3,0,7.7,12,0,Khá
191202217,6.2,11,3,6.2,13,0,6.5,14,3,6.9,16,0,8.2,9,0,6.3,9,0,9.0,3,0,8.2,12,0,Khá
191210360,7.5,14,0,7.0,13,0,7.4,17,0,7.7,16,0,8.0,9,0,6.9,9,0,7.5,3,0,9.4,12,0,Giỏi
191200383,7.4,14,0,7.2,13,0,7.9,17,0,8.8,16,0,8.5,9,0,7.3,9,0,9.0,3,0,8.5,12,0,Giỏi
191203128,6.6,14,0,6.7,13,0,6.5,17,0,7.1,16,0,7.7,9,0,6.7,9,0,9.0,3,0,8.5,12,0,Khá
191213136,8.0,14,0,8.3,13,0,8.7,17,0,8.7,16,0,8.6,9,0,8.6,9,0,10.0,3,0,8.8,12,0,Giỏi
191200410,8.8,14,0,8.6,13,0,9.1,17,0,8.8,16,0,9.1,9,0,9.0,9,0,10.0,3,0,8.4,12,0,Xuất sắc
191212241,8.3,14,0,8.2,13,0,7.1,17,0,8.7,16,0,9.3,9,0,7.9,9,0,9.0,3,0,8.6,12,0,Giỏi
191200444,9.3,14,0,9.6,13,0,8.8,17,0,9.2,16,0,9.1,9,0,9.4,9,0,9.0,3,0,9.0,12,0,Xuất sắc
191203168,6.1,14,0,7.6,13,0,6.6,15,2,7.4,16,0,8.2,9,0,8.2,9,0,8.1,3,0,7.9,12,0,Khá
191202050,8.6,14,0,8.5,13,0,8.9,17,0,8.3,16,0,8.9,9,0,8.4,9,0,9.0,3,0,8.7,12,0,Xuất sắc
191200507,6.0,14,0,6.3,13,0,5.8,14,3,7.3,14,2,6.5,9,0,7.1,3,6,7.5,3,0,7.3,12,0,Khá
191203970,6.0,14,0,6.2,13,0,5.9,17,0,6.9,16,0,6.7,9,0,7.5,9,0,7.6,3,0,8.1,12,0,Khá
191204199,6.9,14,0,7.8,10,3,6.4,15,2,8.3,16,0,7.0,9,0,6.1,9,0,8.3,3,0,8.1,12,0,Khá
191203238,9.1,14,0,9.1,13,0,8.4,17,0,9.0,16,0,9.2,9,0,8.1,9,0,9.0,3,0,8.8,12,0,Giỏi
191200641,7.6,14,0,7.4,13,0,6.0,17,0,8.0,16,0,8.9,9,0,6.2,9,0,8.5,3,0,8.6,12,0,Khá
191201553,7.4,14,0,8.4,13,0,6.9,14,3,7.4,16,0,8.6,9,0,6.2,9,0,8.7,3,0,7.6,12,0,Khá
191211554,7.0,14,0,7.5,10,3,6.8,17,0,8.0,16,0,8.1,9,0,8.2,9,0,8.8,3,0,8.7,12,0,Giỏi
191204260,7.2,14,0,8.1,13,0,7.1,15,2,8.2,16,0,7.8,9,0,6.0,9,0,9.2,3,0,8.5,12,0,Khá
191200758,8.5,14,0,8.3,13,0,9.4,17,0,8.7,16,0,9.2,9,0,9.3,9,0,10.0,3,0,9.3,12,0,Xuất sắc
191203328,5.7,11,3,5.7,13,0,6.1,17,0,7.1,16,0,7.6,9,0,6.1,9,0,9.0,3,0,7.8,12,0,Khá
191200853,6.8,14,0,6.1,13,0,6.4,17,0,7.2,16,0,7.6,9,0,7.2,9,0,5.9,3,0,8.0,12,0,Khá
191203804,7.5,14,0,6.5,13,0,7.2,17,0,7.9,16,0,8.2,9,0,8.1,9,0,7.9,3,0,8.7,12,0,Khá
191204022,9.0,14,0,9.3,13,0,8.6,17,0,7.8,16,0,8.8,9,0,7.9,9,0,7.5,3,0,8.5,12,0,Giỏi
191210929,5.0,14,0,5.3,7,6,6.2,17,0,7.1,16,0,7.9,9,0,6.2,9,0,7.5,3,0,8.8,12,0,Khá
191203823,9.5,14,0,9.5,13,0,9.0,17,0,9.6,16,0,9.5,9,0,9.1,9,0,9.0,3,0,9.3,12,0,Xuất sắc
191210980,6.7,14,0,7.0,13,0,7.3,17,0,7.8,16,0,8.1,9,0,7.7,9,0,7.3,3,0,8.8,12,0,Khá
191203460,7.1,14,0,6.4,13,0,6.5,17,0,6.7,13,3,7.9,6,3,6.2,9,0,7.6,3,0,7.9,12,0,Khá
191201058,7.0,14,0,6.5,13,0,5.3,17,0,7.4,16,0,7.8,9,0,6.8,9,0,7.6,3,0,8.7,12,0,Khá
191212382,6.8,14,0,7.3,13,0,6.3,17,0,7.8,16,0,7.9,9,0,6.1,9,0,7.6,3,0,7.8,12,0,Khá
191201084,8.3,14,0,7.3,13,0,6.1,17,0,7.5,13,3,7.0,9,0,6.6,9,0,8.0,3,0,8.3,12,0,Khá
191201094,8.2,14,0,7.6,13,0,6.4,17,0,7.0,16,0,7.0,9,0,6.0,9,0,8.2,3,0,8.8,12,0,Khá
191202620,8.1,14,0,7.1,13,0,6.6,14,3,7.2,16,0,7.1,9,0,7.8,9,0,8.8,3,0,7.8,12,0,Khá
191201962,6.4,14,0,7.2,13,0,5.7,14,3,7.2,16,0,7.3,9,0,6.7,3,6,8.4,3,0,8.9,12,0,Khá
191210063,9.3,14,0,8.0,13,0,7.5,17,0,9.0,16,0,8.0,9,0,6.0,9,0,10.0,3,0,8.6,12,0,Giỏi
191210076,7.6,14,0,7.8,13,0,8.3,17,0,8.3,16,0,7.8,9,0,8.8,9,0,8.3,3,0,8.6,12,0,Giỏi
191214618,7.6,14,0,7.9,13,0,8.1,17,0,9.0,16,0,7.5,9,0,8.0,9,0,9.4,3,0,8.1,12,0,Giỏi
191211872,6.7,14,0,6.2,13,0,6.1,15,2,7.5,16,0,7.8,9,0,7.7,9,0,7.2,3,0,8.8,12,0,Khá
191203590,7.9,14,0,7.2,13,0,6.7,17,0,9.0,16,0,9.1,9,0,7.0,9,0,8.1,3,0,8.7,12,0,Giỏi
191202444,5.4,14,0,7.1,13,0,5.7,17,0,6.7,16,0,6.7,9,0,8.0,9,0,9.0,3,0,8.4,12,0,Khá
191200234,8.2,14,0,9.2,13,0,8.9,17,0,9.2,16,0,8.7,9,0,9.8,9,0,8.5,3,0,8.6,12,0,Xuất sắc
191201999,6.9,14,0,7.7,13,0,7.5,17,0,8.9,16,0,7.7,9,0,9.2,9,0,8.9,3,0,9.3,12,0,Giỏi
191201469,6.1,14,0,6.6,13,0,7.1,17,0,7.4,16,0,6.7,9,0,6.3,9,0,6.4,3,0,8.5,12,0,Khá
191200281,8.6,14,0,8.1,13,0,6.9,17,0,7.4,14,2,6.6,9,0,6.0,9,0,8.7,3,0,8.5,12,0,Giỏi
191213087,7.9,14,0,7.5,13,0,7.3,17,0,7.9,16,0,8.7,9,0,9.7,9,0,9.7,3,0,9.0,12,0,Giỏi
191210346,7.4,14,0,7.5,13,0,6.9,17,0,7.4,16,0,6.6,9,0,6.4,9,0,9.4,3,0,8.0,12,0,Khá
191200366,5.3,14,0,6.1,8,5,6.3,14,3,6.3,14,2,5.8,9,0,6.0,9,0,5.2,3,0,8.2,12,0,Trung bình
191203116,6.3,14,0,7.6,13,0,6.2,17,0,8.1,14,2,6.9,9,0,7.0,9,0,10.0,3,0,9.3,12,0,Khá
191201233,7.7,14,0,8.9,13,0,8.4,17,0,8.9,16,0,8.7,9,0,9.6,9,0,9.4,3,0,9.5,12,0,Xuất sắc
191201611,6.6,14,0,8.9,13,0,7.3,17,0,8.4,16,0,6.9,9,0,7.7,9,0,8.5,3,0,8.7,12,0,Giỏi
191200461,8.3,14,0,7.2,13,0,6.7,17,0,8.5,16,0,8.3,9,0,7.9,9,0,9.7,3,0,8.8,12,0,Giỏi
191201763,7.6,14,0,7.6,10,3,7.2,14,3,7.8,16,0,7.4,9,0,6.7,9,0,9.2,3,0,8.1,12,0,Khá
191204186,6.6,14,0,7.0,13,0,7.6,17,0,7.7,16,0,7.2,9,0,7.0,9,0,7.3,3,0,8.4,12,0,Khá
191200490,7.8,12,2,8.7,13,0,8.2,17,0,8.9,16,0,8.4,9,0,8.9,9,0,9.7,3,0,8.8,12,0,Giỏi
191200532,6.6,14,0,8.3,13,0,6.2,17,0,8.4,16,0,7.6,9,0,7.7,9,0,8.8,3,0,9.2,12,0,Giỏi
191214485,8.2,14,0,7.3,13,0,7.0,17,0,7.6,16,0,7.4,9,0,8.1,9,0,8.0,3,0,8.4,12,0,Khá
191212068,8.5,14,0,7.3,13,0,6.6,17,0,8.2,16,0,8.1,9,0,6.5,9,0,6.7,3,0,8.4,12,0,Khá
191203978,8.5,14,0,8.6,13,0,7.9,17,0,9.1,16,0,7.4,9,0,6.9,9,0,7.6,3,0,8.3,12,0,Giỏi
191203712,7.4,14,0,7.2,13,0,6.8,17,0,8.1,16,0,6.8,9,0,8.3,9,0,9.0,3,0,8.3,12,0,Khá
191200674,6.6,11,3,7.1,13,0,7.1,17,0,7.9,16,0,7.1,9,0,8.3,9,0,8.6,3,0,7.8,12,0,Khá
191200706,8.4,14,0,8.0,13,0,7.2,17,0,8.6,16,0,9.0,9,0,8.7,6,3,7.6,3,0,8.8,12,0,Giỏi
191203301,8.2,14,0,7.6,13,0,6.9,17,0,8.5,16,0,8.6,9,0,9.0,9,0,9.2,3,0,9.0,12,0,Giỏi
191211657,6.6,14,0,6.9,13,0,6.3,17,0,8.0,16,0,7.4,9,0,6.9,9,0,7.6,3,0,7.3,12,0,Khá
191212555,8.2,14,0,6.7,13,0,7.5,17,0,7.5,16,0,7.4,9,0,8.1,9,0,7.8,3,0,8.4,12,0,Khá
191200833,5.6,14,0,7.8,11,2,6.5,14,3,7.9,16,0,5.7,9,0,5.8,9,0,9.0,3,0,7.2,2,10,Khá
191214304,7.3,14,0,6.5,11,2,6.3,17,0,7.3,16,0,6.2,9,0,5.3,9,0,6.7,3,0,7.5,12,0,Khá
191203796,9.0,14,0,7.8,13,0,7.1,17,0,8.8,16,0,7.6,9,0,6.9,9,0,8.7,3,0,8.4,12,0,Khá
191214315,6.9,14,0,6.9,13,0,6.6,17,0,7.9,14,2,7.4,9,0,6.8,9,0,7.2,3,0,8.1,12,0,Khá
191212129,7.6,14,0,7.6,13,0,7.2,17,0,7.6,16,0,6.8,9,0,6.9,9,0,8.3,3,0,8.2,12,0,Khá
191201335,8.8,14,0,8.5,13,0,8.1,17,0,9.0,16,0,7.9,9,0,8.4,9,0,8.0,3,0,9.2,12,0,Giỏi
191212346,7.8,14,0,6.7,13,0,7.9,17,0,8.7,16,0,8.7,9,0,9.3,9,0,9.9,3,0,7.9,12,0,Giỏi
191213491,7.0,14,0,7.7,10,3,6.2,17,0,8.2,16,0,6.1,9,0,6.4,9,0,8.4,3,0,8.2,12,0,Khá
191203508,8.0,11,3,6.0,13,0,6.7,14,3,7.6,14,2,7.7,9,0,7.3,9,0,7.7,3,0,8.7,12,0,Khá
191203520,7.6,14,0,7.1,13,0,6.5,14,3,7.7,16,0,7.3,9,0,6.1,9,0,6.2,3,0,6.8,12,0,Khá
191211450,7.5,14,0,8.8,13,0,7.4,17,0,8.3,16,0,7.5,9,0,6.0,9,0,6.1,3,0,8.5,12,0,Khá
191214606,8.2,14,0,8.3,13,0,7.9,17,0,8.4,16,0,8.7,9,0,7.1,9,0,8.5,3,0,8.5,12,0,Giỏi
191203898,7.3,14,0,5.8,13,0,7.0,14,3,6.0,14,2,5.2,6,3,6.9,9,0,7.5,3,0,8.5,12,0,Khá
191210022,7.4,14,0,8.1,13,0,6.2,17,0,7.7,16,0,8.3,9,0,7.6,9,0,7.7,3,0,8.3,2,10,Khá
191210051,8.2,14,0,7.3,13,0,6.4,17,0,8.1,16,0,9.6,9,0,9.2,9,0,7.6,3,0,9.0,12,0,Giỏi
191210080,6.9,14,0,6.8,13,0,7.4,17,0,7.9,16,0,8.0,9,0,8.4,9,0,8.7,3,0,8.0,2,10,Khá
191200178,8.2,14,0,7.5,13,0,7.1,17,0,8.2,10,6,8.4,9,0,7.7,9,0,7.7,3,0,8.2,12,0,Giỏi
191203034,6.0,14,0,6.7,13,0,6.8,14,3,6.9,16,0,8.0,9,0,7.0,6,3,8.3,3,0,8.2,12,0,Khá
191213048,6.4,14,0,7.6,13,0,6.6,17,0,8.2,14,2,7.9,9,0,7.4,9,0,8.3,3,0,8.3,12,0,Khá
191204123,7.7,14,0,7.6,13,0,6.9,17,0,8.2,16,0,8.1,9,0,8.5,9,0,7.3,3,0,8.4,12,0,Giỏi
191200302,7.4,14,0,7.9,13,0,6.7,17,0,7.9,16,0,8.2,9,0,7.7,9,0,8.0,3,0,8.0,12,0,Khá
191210311,7.4,14,0,7.3,13,0,6.2,17,0,7.4,16,0,8.5,9,0,8.3,9,0,7.0,3,0,8.2,12,0,Khá
191201745,7.0,14,0,8.7,11,2,6.2,17,0,7.4,16,0,7.9,9,0,7.0,9,0,6.2,3,0,7.9,12,0,Khá
191202823,6.8,14,0,7.0,10,3,5.7,17,0,6.7,16,0,7.7,9,0,5.7,9,0,7.4,3,0,7.9,12,0,Khá
191203648,7.8,14,0,8.2,13,0,6.4,17,0,8.5,16,0,8.8,9,0,8.6,9,0,8.3,3,0,8.2,12,0,Giỏi
191202033,9.0,14,0,8.3,13,0,6.8,17,0,8.3,16,0,8.1,9,0,6.9,9,0,6.9,3,0,7.8,12,0,Giỏi
191204463,6.9,14,0,7.0,10,3,6.2,14,3,7.0,13,3,7.5,6,3,5.2,9,0,7.5,3,0,7.7,12,0,Khá
191203659,7.2,14,0,7.4,13,0,7.7,17,0,7.5,16,0,8.2,9,0,8.4,9,0,8.0,3,0,9.0,12,0,Giỏi
191240436,7.3,14,0,7.2,13,0,6.5,17,0,8.7,16,0,8.4,9,0,6.8,9,0,9.0,3,0,8.3,12,0,Khá
191211759,8.1,14,0,7.5,13,0,7.4,17,0,6.8,16,0,6.5,9,0,5.5,9,0,6.6,3,0,6.5,12,0,Khá
191202056,8.8,14,0,7.3,13,0,7.2,17,0,8.4,16,0,9.3,9,0,8.2,9,0,9.0,3,0,8.4,12,0,Giỏi
191203216,8.3,14,0,8.8,13,0,7.9,17,0,9.1,16,0,9.5,9,0,8.8,9,0,9.0,3,0,8.8,12,0,Giỏi
191204490,7.2,11,3,7.3,7,6,5.2,14,3,6.3,16,0,6.1,9,0,6.1,9,0,6.3,3,0,8.1,12,0,Khá
191200592,6.8,14,0,7.3,13,0,6.4,17,0,8.2,16,0,8.6,9,0,6.7,9,0,6.3,3,0,8.4,12,0,Khá
191204229,7.3,14,0,7.6,10,3,5.4,11,6,6.7,14,2,7.4,9,0,6.4,6,3,7.5,3,0,7.7,12,0,Khá
191200637,6.7,11,3,6.2,10,3,6.8,15,2,7.0,16,0,6.7,9,0,5.2,9,0,8.7,3,0,7.4,12,0,Khá
191204248,6.8,14,0,6.2,13,0,5.9,14,3,7.2,16,0,7.0,9,0,6.2,9,0,8.4,3,0,8.3,12,0,Khá
191200703,9.3,14,0,9.0,13,0,8.0,17,0,8.6,14,2,9.0,9,0,7.3,9,0,9.0,3,0,8.4,12,0,Giỏi
191210709,7.8,14,0,7.7,13,0,6.9,14,3,7.0,16,0,8.2,9,0,9.0,9,0,7.7,3,0,8.7,2,10,Khá
191202539,5.6,11,3,7.4,8,5,5.2,11,6,7.1,16,0,7.5,9,0,5.3,6,3,8.3,3,0,8.6,12,0,Khá
191202107,8.4,14,0,7.7,13,0,7.5,14,3,7.6,16,0,8.7,9,0,8.2,9,0,9.0,3,0,8.8,12,0,Giỏi
191212557,8.7,14,0,8.8,13,0,8.0,17,0,8.8,16,0,9.2,9,0,7.6,9,0,9.0,3,0,9.0,12,0,Giỏi
191200838,5.2,14,0,7.1,13,0,7.1,8,9,7.2,16,0,8.3,9,0,7.0,9,0,7.6,3,0,8.9,12,0,Khá
191202568,5.4,11,3,6.9,10,3,6.1,14,3,7.4,14,2,8.2,9,0,6.9,9,0,6.6,3,0,7.9,2,10,Khá
191201669,6.3,14,0,6.2,13,0,5.6,6,11,7.2,13,3,6.7,9,0,5.6,9,0,4.3,3,0,7.2,12,0,Trung bình
191200885,6.2,11,3,5.3,10,3,5.7,14,3,7.1,8,8,6.1,6,3,6.5,6,3,4.9,3,0,7.5,10,2,Trung bình
191200904,7.1,14,0,6.8,13,0,6.6,17,0,7.2,16,0,6.8,9,0,6.7,9,0,8.7,3,0,8.7,12,0,Khá
191211277,8.3,14,0,7.8,13,0,6.4,17,0,8.6,16,0,8.8,9,0,8.6,9,0,8.7,3,0,8.5,12,0,Giỏi
191204033,6.1,14,0,7.0,13,0,5.7,17,0,7.6,16,0,8.8,9,0,7.4,9,0,7.6,3,0,9.2,12,0,Khá
191202148,9.0,14,0,8.3,13,0,7.8,17,0,8.6,16,0,9.0,9,0,8.5,9,0,9.4,3,0,8.9,12,0,Giỏi
191203472,8.3,11,3,7.8,13,0,6.7,17,0,8.2,16,0,8.5,9,0,6.8,9,0,9.0,3,0,8.0,12,0,Khá
191203864,8.7,14,0,8.3,13,0,9.1,17,0,7.8,16,0,8.9,9,0,8.7,9,0,6.5,3,0,9.5,12,0,Giỏi
191201042,7.3,14,0,6.6,13,0,6.3,17,0,7.3,16,0,8.7,9,0,6.2,9,0,7.0,3,0,8.7,12,0,Khá
191203513,7.0,14,0,8.2,13,0,6.3,14,3,7.9,16,0,8.2,9,0,7.1,9,0,8.3,3,0,8.2,12,0,Khá
191203525,7.3,14,0,6.8,13,0,6.9,14,3,6.3,16,0,8.3,9,0,6.2,9,0,5.8,3,0,8.3,12,0,Khá
191241113,8.6,14,0,8.1,13,0,6.8,17,0,8.3,16,0,8.6,6,3,8.3,9,0,10.0,3,0,8.8,12,0,Giỏi
191214394,8.6,14,0,8.0,10,3,5.9,11,6,6.9,12,4,7.3,9,0,6.2,9,0,5.2,3,0,8.5,12,0,Khá
191204400,6.5,14,0,6.3,10,3,6.7,12,5,7.1,16,0,7.7,9,0,6.6,9,0,6.3,3,0,8.6,12,0,Khá
181203458,6.5,11,0,5.9,9,0,7.6,17,0,8.6,14,0,7.8,9,0,9.7,9,0,10.0,3,0,9.0,2,0,Chua xep loai
181202292,6.7,8,3,5.8,9,0,6.2,11,6,6.1,12,2,7.2,9,0,6.9,6,3,8.0,3,0,5.9,2,0,Chua xep loai
181200549,5.1,11,0,6.5,9,0,5.5,17,0,6.9,14,0,5.4,9,0,7.4,9,0,7.6,3,0,8.3,2,0,Chua xep loai
181211817,5.2,8,3,6.4,3,6,5.4,11,6,5.6,14,0,6.4,0,9,1.0,0,9,6.9,3,0,0.0,0,0,Chua xep loai
181200814,6.3,8,3,6.1,6,3,6.2,17,0,6.4,14,0,6.3,6,3,7.3,9,0,8.7,3,0,8.5,2,0,Chua xep loai
181210385,6.2,11,0,5.6,9,0,5.2,14,3,5.1,9,5,4.3,3,6,0.7,0,9,0.0,0,3,0.0,0,0,Chua xep loai
181202377,5.4,11,0,6.0,6,3,4.5,5,12,4.4,0,14,6.4,0,9,3.3,3,6,6.9,3,0,8.7,2,0,Chua xep loai
181202839,5.7,11,0,6.6,9,0,6.0,11,6,6.1,14,0,5.7,9,0,7.2,9,0,8.7,3,0,8.0,12,0,Chua xep loai
181200770,5.9,8,3,6.2,3,6,6.4,5,12,5.7,0,11,4.9,0,9,6.4,6,3,4.7,3,0,9.0,2,0,Chua xep loai
181203140,5.9,11,0,6.7,9,0,6.3,17,0,6.1,14,0,5.7,9,0,7.9,9,0,8.3,3,0,9.5,2,0,Chua xep loai
181202200,7.3,11,0,7.0,9,0,6.3,11,6,5.9,8,6,5.9,6,3,7.1,9,0,7.6,3,0,8.8,2,0,Chua xep loai
181202127,5.4,11,0,6.1,9,0,5.8,14,3,6.3,0,14,5.4,9,0,6.8,9,0,8.0,3,0,7.8,2,0,Chua xep loai
881891002,6.8,8,3,4.4,6,3,5.9,14,3,6.1,12,2,4.2,6,3,1.8,3,6,6.9,3,0,8.8,2,0,Chua xep loai
181202862,6.4,11,0,6.8,9,0,6.1,17,0,5.8,14,0,7.4,6,3,8.3,9,0,8.7,3,0,1.5,2,10,Chua xep loai
181203243,5.7,8,3,5.1,3,6,5.4,8,9,5.0,3,11,6.7,6,3,6.5,6,3,10.0,3,0,0.0,0,0,Chua xep loai
181213616,6.2,11,0,7.1,9,0,6.5,14,3,6.5,14,0,6.0,6,3,6.3,9,0,7.3,3,0,10.0,2,0,Chua xep loai
181202886,5.9,8,3,4.7,6,3,5.7,17,0,5.9,12,2,4.9,6,3,6.5,9,0,6.2,3,0,9.0,2,0,Chua xep loai
181210426,6.5,11,0,5.2,6,3,6.6,14,3,6.0,9,5,5.4,3,6,7.5,9,0,8.7,3,0,1.4,2,10,Chua xep loai
181210042,5.4,11,0,5.7,6,3,5.7,14,3,5.2,9,5,4.6,9,0,6.4,9,0,6.9,3,0,7.7,2,0,Chua xep loai
181202417,6.1,8,3,7.0,9,0,7.0,17,0,6.0,14,0,6.7,9,0,6.6,9,0,7.6,3,0,8.0,2,10,Chua xep loai
181203187,7.3,11,0,7.9,9,0,6.5,17,0,6.7,14,0,5.6,9,0,6.7,9,0,5.5,3,0,0.0,0,0,Chua xep loai
181203530,7.1,11,0,7.2,9,0,6.6,17,0,6.7,12,2,5.0,6,3,6.1,9,0,7.3,3,0,8.0,2,0,Chua xep loai
181230438,2.6,5,6,2.2,3,6,5.1,11,6,1.3,0,14,0.2,0,9,8.2,6,0,6.9,3,0,0.0,0,2,Chua xep loai
181203797,5.5,11,0,5.2,9,0,6.3,17,0,5.9,11,3,5.7,9,0,6.9,6,3,6.8,3,0,8.0,2,0,Chua xep loai
181200812,6.1,11,0,7.5,9,0,6.1,14,3,7.3,14,0,5.2,9,0,7.2,9,0,9.9,3,0,7.9,12,0,Chua xep loai
181203561,6.9,11,0,8.8,9,0,6.0,17,0,7.9,14,0,6.1,9,0,7.9,9,0,7.7,3,0,9.0,2,0,Chua xep loai
181200551,7.7,11,0,6.6,9,0,8.1,17,0,6.7,14,0,5.8,6,3,5.9,9,0,5.8,3,0,0.0,0,0,Chua xep loai
181200747,5.3,11,0,6.6,6,3,4.4,11,6,6.0,14,0,5.7,9,0,6.4,6,3,8.0,3,0,0.0,0,2,Chua xep loai
181203007,6.7,11,0,8.8,9,0,7.4,17,0,8.0,14,0,6.7,9,0,7.3,9,0,9.2,3,0,8.6,2,0,Chua xep loai
181201313,6.5,8,3,7.2,3,6,5.3,8,9,4.6,6,8,5.8,6,3,4.7,6,3,5.6,3,0,0.0,0,2,Chua xep loai
181202276,4.8,8,3,5.9,6,3,4.6,11,6,5.4,11,3,0.0,0,9,4.2,3,0,0.0,0,0,0.0,0,0,Chua xep loai
181210395,6.0,9,2,6.0,6,3,6.4,12,5,4.9,9,5,5.9,6,3,6.1,9,0,7.1,3,0,8.5,0,2,Chua xep loai
181203948,6.3,11,0,6.0,9,0,5.5,5,12,5.5,14,0,5.2,9,0,5.7,6,3,6.0,3,0,8.5,2,0,Chua xep loai
181201995,5.9,11,0,6.5,3,6,5.2,17,0,6.2,14,0,6.1,9,0,7.4,9,0,8.3,3,0,7.7,2,0,Chua xep loai
181210030,6.3,5,6,5.3,0,9,5.8,8,9,5.0,14,0,5.3,9,0,5.1,6,3,6.4,0,3,1.3,2,10,Chua xep loai
181203244,6.4,8,3,7.3,3,6,6.1,11,6,5.4,14,0,7.1,6,3,7.2,9,0,8.8,3,0,8.7,2,0,Chua xep loai
181202916,5.7,5,6,3.6,3,6,4.0,9,8,4.7,12,2,4.5,6,3,4.5,3,3,6.4,3,0,9.5,2,0,Chua xep loai
181210450,7.6,11,0,7.2,9,0,7.6,17,0,8.4,14,0,7.8,9,0,8.9,9,0,7.6,3,0,1.3,2,10,Chua xep loai
181200861,5.8,8,3,6.9,6,3,4.9,17,0,6.0,14,0,5.1,6,3,5.8,3,6,6.4,3,0,1.2,2,10,Chua xep loai
181204016,5.8,8,3,4.5,3,6,3.4,2,15,4.8,12,2,4.9,6,3,3.2,3,6,8.3,3,0,6.7,2,0,Chua xep loai
181203186,6.4,9,2,6.0,6,3,6.5,11,6,7.1,14,0,7.4,9,0,7.0,6,3,7.8,3,0,8.6,2,0,Chua xep loai
181202066,7.4,11,0,6.8,9,0,6.6,17,0,7.2,14,0,5.9,9,0,8.3,6,3,7.2,3,0,1.4,2,10,Chua xep loai
181201905,6.7,11,0,5.9,9,0,6.5,17,0,5.7,14,0,6.3,6,3,6.7,9,0,6.0,3,0,1.4,2,10,Chua xep loai
181200651,6.4,11,0,6.6,9,0,6.5,14,3,7.1,11,3,7.0,6,3,8.1,9,0,7.6,3,0,8.5,2,0,Chua xep loai
181203858,5.3,5,6,3.2,0,9,4.0,11,6,4.2,9,5,4.4,6,3,0.3,0,9,0.0,0,3,0.0,0,2,Chua xep loai
181201683,7.6,11,0,6.3,9,0,6.5,17,0,6.6,14,0,7.5,6,3,9.7,9,0,8.3,3,0,1.4,2,10,Chua xep loai
181211707,7.2,11,0,7.2,9,0,7.7,17,0,6.0,14,0,6.0,6,3,8.2,6,0,0.0,0,0,0.0,0,0,Chua xep loai
181202147,7.9,8,3,5.2,6,3,5.2,14,3,5.3,12,2,6.7,9,0,6.3,6,3,8.7,3,0,8.9,2,0,Chua xep loai
181201611,7.5,11,0,5.6,3,6,6.1,11,6,5.2,12,2,4.9,3,6,7.1,9,0,10.0,3,0,8.0,2,0,Chua xep loai
181201699,7.0,8,3,5.8,6,3,5.0,14,3,5.4,9,5,6.2,9,0,7.0,6,3,8.3,3,0,9.0,2,0,Chua xep loai
181202209,6.4,11,0,4.9,6,3,5.1,14,3,5.3,12,2,5.1,6,3,6.5,9,0,8.7,3,0,8.7,2,0,Chua xep loai
181200390,6.6,11,0,5.6,6,3,4.5,11,6,5.4,6,8,4.6,6,3,7.2,9,0,7.6,3,0,9.0,2,0,Chua xep loai
181202977,6.7,11,0,5.5,9,0,6.3,14,3,6.0,14,0,6.1,9,0,7.2,9,0,8.7,3,0,8.3,2,0,Chua xep loai
181230393,6.7,5,6,5.1,9,0,5.2,17,0,4.8,12,2,5.1,6,3,7.0,6,3,5.0,0,3,7.0,2,0,Chua xep loai
181202642,7.4,11,0,7.4,9,0,6.2,17,0,6.6,14,0,6.8,9,0,8.5,9,0,8.7,3,0,9.0,2,0,Chua xep loai
181202070,8.2,11,0,6.9,9,0,7.1,17,0,8.1,14,0,8.7,9,0,9.1,9,0,8.7,3,0,9.2,2,0,Chua xep loai
181213262,6.2,2,9,5.7,0,9,3.7,5,12,6.7,0,14,6.6,0,9,3.8,3,6,7.3,3,0,0.0,0,0,Chua xep loai
181200425,5.3,8,3,4.5,6,3,6.7,17,0,5.0,12,2,6.9,6,3,7.5,9,0,8.7,3,0,0.0,0,2,Chua xep loai
181203041,6.5,11,0,5.8,9,0,6.3,17,0,6.5,14,0,6.9,9,0,8.0,9,0,7.6,3,0,9.0,2,0,Chua xep loai
181203231,7.7,8,3,6.6,9,0,6.4,17,0,5.7,14,0,5.2,9,0,3.9,6,3,8.0,3,0,8.3,2,0,Chua xep loai
181201482,7.3,11,0,7.3,6,3,6.4,14,3,5.2,14,0,4.5,3,6,5.0,6,3,6.1,0,3,0.0,0,0,Chua xep loai
181201708,6.3,8,3,5.1,3,6,6.0,8,9,6.6,11,3,6.5,9,0,6.2,6,3,8.5,3,0,8.2,2,0,Chua xep loai
181200380,8.1,11,0,5.0,9,0,6.4,15,2,6.0,14,0,5.1,9,0,6.7,9,0,8.8,3,0,8.5,2,0,Chua xep loai
181203222,6.2,11,0,5.1,3,6,6.2,14,3,6.5,14,0,5.8,9,0,7.6,9,0,9.2,3,0,1.5,2,10,Chua xep loai
181201022,8.2,2,9,8.4,0,9,7.2,8,9,6.7,8,6,5.9,3,6,3.9,3,6,6.9,3,0,9.7,2,0,Chua xep loai
181202288,7.9,11,0,7.5,9,0,7.4,17,0,7.8,14,0,7.3,9,0,8.0,9,0,9.0,3,0,9.6,2,0,Chua xep loai
181203918,5.6,8,3,5.2,9,0,5.0,17,0,6.4,11,3,5.4,3,6,5.9,6,3,5.1,3,0,8.5,2,0,Chua xep loai
181200133,5.1,11,0,4.6,3,6,5.7,15,2,5.4,11,3,5.7,9,0,6.2,6,0,6.7,3,0,9.0,2,0,Chua xep loai
181201664,5.6,5,6,5.5,3,6,5.5,8,9,5.1,9,5,5.0,6,3,2.8,3,6,6.0,3,0,8.5,0,2,Chua xep loai
181200406,7.0,11,0,6.8,6,3,5.2,17,0,6.2,9,5,5.8,6,3,6.3,6,3,7.0,3,0,8.3,2,0,Chua xep loai
181203704,6.4,8,3,5.2,9,0,6.2,8,9,5.9,6,8,5.5,3,6,6.8,6,3,7.3,3,0,9.7,2,0,Chua xep loai
181201436,7.2,11,0,5.9,9,0,6.0,11,6,6.3,0,14,4.3,9,0,6.4,9,0,6.4,3,0,8.5,2,0,Chua xep loai
181202290,7.1,11,0,7.4,9,0,5.8,17,0,7.7,14,0,7.9,9,0,7.7,9,0,8.5,3,0,9.5,2,0,Chua xep loai
181202991,6.3,11,0,5.7,9,0,7.0,17,0,6.8,14,0,5.5,9,0,6.6,9,0,8.5,3,0,10.0,2,0,Chua xep loai
191244077,5.5,12,2,6.5,7,6,5.7,11,6,7.3,16,0,8.2,9,0,5.7,9,0,6.7,3,0,9.5,2,0,Chua xep loai
191240073,6.0,11,3,6.2,7,6,6.6,5,12,7.1,8,8,5.2,6,3,5.9,6,3,5.9,3,0,8.0,2,0,Chua xep loai
191213574,6.8,14,0,7.8,10,3,6.6,17,0,7.9,16,0,7.6,9,0,7.9,3,6,7.2,3,0,9.0,2,0,Chua xep loai
191202187,5.0,8,6,5.9,10,3,6.1,14,3,7.8,16,0,7.9,9,0,6.0,9,0,0.0,0,3,0.0,0,2,Chua xep loai
191202189,6.8,14,0,7.5,7,6,6.2,17,0,6.3,13,3,6.8,9,0,5.7,9,0,5.6,3,0,8.0,2,0,Chua xep loai
191200179,5.8,11,3,6.0,10,3,6.3,11,6,6.4,10,6,6.9,9,0,6.6,6,3,7.1,3,0,8.4,2,0,Chua xep loai
191201580,7.1,11,3,8.0,13,0,6.8,17,0,7.8,16,0,8.0,9,0,5.4,9,0,8.3,3,0,1.5,2,10,Chua xep loai
191200232,7.2,14,0,6.4,13,0,6.7,17,0,6.8,16,0,7.7,9,0,6.9,9,0,6.0,3,0,9.0,2,0,Chua xep loai
191200238,7.5,14,0,7.4,13,0,5.6,14,3,6.8,13,3,6.9,9,0,5.6,6,3,5.2,3,0,0.0,0,12,Chua xep loai
191201589,7.0,14,0,7.3,13,0,5.7,17,0,5.1,8,8,7.1,6,3,6.5,9,0,7.9,3,0,8.5,2,0,Chua xep loai
191203626,8.2,11,3,8.7,13,0,7.7,17,0,7.6,16,0,7.6,9,0,6.1,9,0,5.1,3,0,9.0,2,0,Chua xep loai
191204134,7.4,14,0,7.1,13,0,7.8,17,0,8.5,16,0,8.9,9,0,9.0,9,0,9.0,3,0,8.5,2,0,Chua xep loai
191212666,8.4,14,0,8.3,13,0,9.1,17,0,9.0,16,0,8.4,9,0,8.5,9,0,9.7,3,0,1.5,2,10,Chua xep loai
191202469,6.2,11,3,6.4,10,3,5.6,17,0,7.7,11,5,6.0,9,0,6.4,6,3,7.3,3,0,8.0,2,0,Chua xep loai
191204640,7.5,14,0,6.7,13,0,7.3,14,3,7.5,16,0,7.9,9,0,6.0,9,0,8.7,3,0,9.3,2,0,Chua xep loai
191214462,7.6,8,6,6.6,13,0,6.4,17,0,6.7,11,5,5.6,9,0,6.1,9,0,6.7,3,0,1.4,2,10,Chua xep loai
191200413,6.8,11,3,7.8,13,0,6.9,17,0,8.3,16,0,7.7,9,0,8.1,9,0,7.6,3,0,9.0,2,0,Chua xep loai
191204471,7.5,14,0,7.6,13,0,7.3,17,0,8.2,16,0,8.3,9,0,8.6,9,0,8.7,3,0,1.7,2,10,Chua xep loai
191210466,6.1,14,0,7.5,13,0,7.5,17,0,7.9,16,0,8.2,9,0,8.0,9,0,8.5,3,0,9.0,2,0,Chua xep loai
191201381,5.5,14,0,7.0,7,6,6.3,17,0,7.3,11,5,6.9,9,0,7.2,9,0,7.0,3,0,8.9,2,0,Chua xep loai
191200537,6.2,9,5,6.4,8,5,6.6,6,11,6.7,8,8,6.5,9,0,5.6,9,0,5.1,3,0,7.6,2,0,Chua xep loai
191212519,5.7,11,3,5.6,10,3,5.6,14,3,5.8,13,3,6.4,6,3,4.3,3,6,5.6,3,0,0.0,0,2,Chua xep loai
191200643,7.7,14,0,8.4,10,3,6.5,14,3,6.6,11,5,6.5,6,3,3.7,3,6,5.9,0,3,0.0,0,2,Chua xep loai
191204656,6.8,14,0,8.2,13,0,6.3,14,3,7.7,16,0,8.0,9,0,6.3,9,0,7.9,3,0,9.5,2,0,Chua xep loai
191204516,5.0,8,6,6.0,4,9,4.9,5,12,5.4,5,11,4.9,6,3,2.9,6,3,3.9,0,3,7.2,2,0,Chua xep loai
191203294,6.0,14,0,6.1,13,0,6.1,17,0,7.9,16,0,8.3,9,0,7.0,9,0,9.0,3,0,9.5,2,0,Chua xep loai
191204659,7.4,14,0,8.0,10,3,6.9,14,3,8.4,16,0,8.2,9,0,6.6,9,0,8.6,3,0,8.0,2,0,Chua xep loai
191203779,6.9,14,0,7.6,13,0,6.6,17,0,8.0,16,0,7.6,9,0,7.8,9,0,4.9,3,0,8.3,2,0,Chua xep loai
191200846,6.2,14,0,7.9,7,6,7.0,17,0,7.0,16,0,7.4,9,0,8.2,9,0,8.0,3,0,9.0,2,0,Chua xep loai
191200847,7.2,14,0,7.5,13,0,8.2,17,0,7.6,16,0,8.9,9,0,9.0,9,0,8.1,3,0,1.7,2,10,Chua xep loai
191202730,4.9,8,6,5.3,10,3,5.8,11,6,6.1,7,9,3.6,6,3,4.3,0,9,0.0,0,3,7.6,2,0,Chua xep loai
191200882,5.7,11,3,7.5,13,0,6.3,14,3,7.7,16,0,8.0,9,0,6.2,3,6,0.0,0,3,0.0,0,2,Chua xep loai
191203380,7.7,14,0,7.4,13,0,7.7,17,0,8.8,16,0,8.9,9,0,8.6,9,0,9.9,3,0,9.4,2,0,Chua xep loai
191201676,6.2,14,0,4.8,7,6,5.8,14,3,5.4,11,5,3.3,3,6,1.7,3,6,3.1,0,3,9.7,2,0,Chua xep loai
191203397,3.7,0,14,4.4,10,3,5.4,14,3,1.6,2,14,0.1,0,9,6.8,6,0,0.0,0,3,0.0,0,0,Chua xep loai
191203839,7.4,14,0,7.4,13,0,8.4,17,0,8.1,16,0,8.9,9,0,8.3,9,0,9.9,3,0,9.2,2,0,Chua xep loai
191213451,6.8,14,0,7.5,10,3,5.1,14,3,5.6,8,8,6.9,9,0,7.2,0,9,7.5,3,0,1.3,0,12,Chua xep loai
191211047,6.9,14,0,6.7,13,0,6.7,17,0,7.4,16,0,8.6,9,0,7.2,9,0,9.2,3,0,9.0,2,0,Chua xep loai
191201953,7.0,14,0,7.4,13,0,6.8,17,0,6.8,16,0,8.2,9,0,9.4,9,0,8.0,3,0,9.0,2,0,Chua xep loai
191201082,6.0,14,0,6.7,10,3,5.7,17,0,7.2,16,0,8.0,9,0,8.4,9,0,7.8,3,0,10.0,2,0,Chua xep loai
181201661,6.9,11,0,6.3,10,3,6.0,14,3,6.3,13,3,7.0,6,3,6.0,3,6,7.3,0,3,0.0,0,2,Chua xep loai
191200148,6.3,11,3,6.0,13,0,4.9,11,6,7.1,16,0,6.8,9,0,4.7,6,3,5.4,3,0,0.0,0,2,Chua xep loai
191210175,6.9,11,3,4.9,13,0,5.2,11,6,7.3,16,0,7.5,9,0,4.5,9,0,7.3,3,0,1.2,2,10,Chua xep loai
191200275,8.1,14,0,7.5,13,0,6.1,15,2,6.7,16,0,6.8,9,0,3.4,3,6,6.9,3,0,8.0,2,0,Chua xep loai
191202214,6.9,14,0,8.1,13,0,7.7,17,0,9.1,16,0,8.6,9,0,8.4,9,0,9.0,3,0,8.4,2,0,Chua xep loai
191202233,7.6,14,0,8.6,10,0,8.1,17,0,8.2,16,0,6.2,9,0,6.5,6,3,7.3,3,0,9.7,2,0,Chua xep loai
191201618,7.3,11,3,7.6,13,0,7.3,12,5,7.2,16,0,7.0,9,0,6.1,9,0,7.6,3,0,9.2,2,0,Chua xep loai
191203694,6.7,11,3,5.6,13,0,6.4,17,0,8.0,16,0,9.0,9,0,6.8,9,0,6.6,3,0,0.0,0,0,Chua xep loai
191202277,4.9,11,3,6.0,13,0,5.9,17,0,7.1,16,0,4.4,3,6,5.9,3,6,0.0,0,3,0.0,0,0,Chua xep loai
191203254,6.4,14,0,7.3,13,0,6.9,17,0,7.8,16,0,7.6,9,0,6.3,9,0,8.8,3,0,1.3,2,10,Chua xep loai
191213750,7.6,14,0,6.8,13,0,4.9,17,0,6.6,13,3,7.2,9,0,6.6,9,0,8.8,3,0,9.0,2,0,Chua xep loai
191200775,5.7,14,0,7.0,13,0,5.0,17,0,6.7,16,0,6.6,6,3,5.2,6,3,5.8,3,0,8.7,2,0,Chua xep loai
191202326,6.4,11,3,6.5,13,0,5.5,17,0,7.8,16,0,8.5,9,0,7.0,9,0,6.9,3,0,9.0,2,0,Chua xep loai
191200857,5.9,14,0,6.7,13,0,6.2,17,0,7.1,16,0,7.8,9,0,5.4,9,0,6.9,3,0,1.5,2,10,Chua xep loai
191203446,6.3,11,3,5.8,13,0,5.4,17,0,7.1,13,3,6.0,9,0,5.1,9,0,7.7,3,0,9.3,2,0,Chua xep loai
191204363,5.9,11,3,6.1,13,0,5.9,11,6,5.1,8,8,5.7,6,3,0.0,0,9,0.0,0,3,0.0,0,0,Chua xep loai
191202628,6.8,11,3,6.6,13,0,5.5,15,2,6.7,14,2,7.4,9,0,7.0,6,3,7.8,0,3,8.6,2,0,Chua xep loai
191200019,6.1,14,0,6.4,13,0,6.7,17,0,7.2,14,2,7.4,9,0,5.8,9,0,7.8,3,0,5.8,2,0,Chua xep loai
191200039,5.2,8,6,4.4,8,5,3.8,11,6,5.0,8,8,4.8,9,0,0.3,0,9,5.8,3,0,0.0,0,0,Chua xep loai
191202188,8.3,14,0,7.3,13,0,7.3,17,0,7.6,14,2,5.5,6,3,6.4,6,3,8.9,3,0,9.0,2,0,Chua xep loai
191203003,6.1,14,0,7.3,13,0,6.8,14,3,5.1,13,3,6.2,9,0,5.9,9,0,8.0,3,0,1.5,2,10,Chua xep loai
191202435,6.9,14,0,7.2,13,0,6.4,17,0,7.6,16,0,5.7,9,0,6.4,6,3,6.4,3,0,1.5,2,10,Chua xep loai
191211995,5.5,11,3,3.5,7,6,1.9,2,15,3.9,4,6,6.4,6,3,4.3,3,6,4.7,3,0,0.0,0,0,Chua xep loai
191204449,7.5,14,0,6.7,11,2,6.8,17,0,7.0,16,0,6.7,9,0,6.2,9,0,4.1,3,0,1.1,2,10,Chua xep loai
191200366,5.3,14,0,6.1,8,5,6.3,14,3,6.3,14,2,5.8,9,0,6.0,9,0,5.2,3,0,9.9,2,0,Chua xep loai
191200389,6.6,8,6,6.6,10,3,4.3,11,6,6.4,8,8,4.7,6,3,4.1,0,9,5.8,0,3,8.0,2,0,Chua xep loai
191203129,7.4,11,3,7.4,13,0,7.4,17,0,8.3,16,0,8.7,9,0,8.4,9,0,9.2,3,0,9.9,2,0,Chua xep loai
191204157,6.5,14,0,7.2,13,0,7.1,17,0,6.9,16,0,5.7,9,0,5.6,9,0,5.5,3,0,9.5,2,0,Chua xep loai
191202682,8.2,14,0,8.5,13,0,7.2,17,0,8.0,16,0,7.3,9,0,7.5,9,0,8.5,3,0,8.4,2,0,Chua xep loai
191202253,5.3,14,0,5.5,10,3,6.1,14,3,6.5,16,0,4.9,9,0,4.6,9,0,6.1,3,0,1.1,2,10,Chua xep loai
191201785,7.0,14,0,7.1,13,0,7.1,17,0,7.2,14,2,7.7,9,0,7.0,9,0,9.5,3,0,1.5,2,10,Chua xep loai
191212289,6.1,14,0,6.6,10,3,6.6,17,0,7.3,16,0,7.2,9,0,6.4,9,0,8.2,3,0,7.0,2,0,Chua xep loai
191200674,6.6,11,3,7.1,13,0,7.1,17,0,7.9,16,0,7.1,9,0,8.3,9,0,8.6,3,0,9.1,2,0,Chua xep loai
191203993,6.6,14,0,6.8,13,0,5.5,17,0,6.5,14,2,7.7,9,0,6.8,9,0,9.2,3,0,9.7,2,0,Chua xep loai
191200833,5.6,14,0,7.8,11,2,6.5,14,3,7.9,16,0,5.7,9,0,5.8,9,0,9.0,3,0,1.2,2,10,Chua xep loai
191202904,6.2,14,0,5.4,10,3,5.9,17,0,7.9,14,2,5.6,9,0,6.6,9,0,7.2,3,0,9.5,2,0,Chua xep loai
191200982,6.2,14,0,6.2,13,0,5.4,17,0,6.6,16,0,6.7,9,0,5.8,9,0,5.8,3,0,8.0,2,0,Chua xep loai
191202364,7.1,14,0,6.8,10,3,6.6,17,0,7.8,14,2,7.9,9,0,5.4,9,0,7.8,3,0,1.4,2,10,Chua xep loai
191213450,6.4,14,0,5.3,10,3,6.0,17,0,5.8,11,5,4.6,3,6,3.3,6,3,0.0,0,3,0.0,0,2,Chua xep loai
191203457,6.1,14,0,5.7,10,3,4.4,11,6,4.6,11,5,6.3,9,0,4.7,3,6,0.0,0,3,0.0,0,0,Chua xep loai
191203862,7.1,8,6,6.6,10,3,5.3,17,0,6.4,14,2,5.3,6,3,6.8,6,3,6.5,3,0,6.0,2,0,Chua xep loai
191201956,6.5,14,0,6.5,11,2,5.5,14,3,7.4,16,0,5.5,9,0,5.4,6,3,5.8,3,0,9.0,2,0,Chua xep loai
191210022,7.4,14,0,8.1,13,0,6.2,17,0,7.7,16,0,8.3,9,0,7.6,9,0,7.7,3,0,1.5,2,10,Chua xep loai
191204069,7.9,14,0,7.6,13,0,6.3,17,0,7.1,16,0,8.5,9,0,8.3,9,0,7.7,3,0,7.0,2,0,Chua xep loai
191201370,7.8,14,0,6.8,13,0,5.7,15,2,7.6,16,0,7.5,9,0,7.1,9,0,7.3,3,0,1.6,2,10,Chua xep loai
191210080,6.9,14,0,6.8,13,0,7.4,17,0,7.9,16,0,8.0,9,0,8.4,9,0,8.7,3,0,1.6,2,10,Chua xep loai
191210118,7.3,11,3,6.7,10,3,5.3,17,0,6.7,16,0,7.3,6,3,4.9,3,6,7.6,3,0,0.0,0,0,Chua xep loai
191204088,5.4,11,3,5.7,4,9,4.8,11,6,5.6,11,5,7.5,9,0,6.8,9,0,6.6,3,0,0.0,0,2,Chua xep loai
191203040,7.9,14,0,7.4,13,0,6.3,14,3,6.6,16,0,6.5,9,0,4.8,3,6,5.9,0,3,0.0,0,2,Chua xep loai
191212018,6.1,8,6,6.0,10,3,5.8,11,6,6.5,16,0,7.1,9,0,4.4,3,6,2.9,0,3,8.0,2,0,Chua xep loai
191204451,5.0,11,3,6.7,13,0,5.7,11,6,6.7,14,2,7.1,9,0,5.1,6,3,0.0,0,3,0.0,0,0,Chua xep loai
191202823,6.8,14,0,7.0,10,3,5.7,17,0,6.7,16,0,7.7,9,0,5.7,9,0,7.4,3,0,8.6,2,0,Chua xep loai
191200464,7.9,14,0,7.1,13,0,6.6,14,3,7.0,16,0,7.7,9,0,7.5,9,0,8.0,3,0,9.0,2,0,Chua xep loai
191203176,6.8,14,0,7.4,13,0,6.1,14,3,6.2,11,5,7.3,9,0,5.2,9,0,8.3,3,0,9.5,2,0,Chua xep loai
191210709,7.8,14,0,7.7,13,0,6.9,14,3,7.0,16,0,8.2,9,0,9.0,9,0,7.7,3,0,1.6,2,10,Chua xep loai
191200749,6.0,11,3,7.0,10,3,5.7,11,6,7.4,16,0,7.7,9,0,6.0,9,0,6.2,3,0,8.4,12,0,Chua xep loai
191202568,5.4,11,3,6.9,10,3,6.1,14,3,7.4,14,2,8.2,9,0,6.9,9,0,6.6,3,0,1.0,2,10,Chua xep loai
191200885,6.2,11,3,5.3,10,3,5.7,14,3,7.1,8,8,6.1,6,3,6.5,6,3,4.9,3,0,8.4,0,2,Chua xep loai
191202340,6.2,11,3,5.7,11,2,6.6,17,0,7.4,12,4,7.5,9,0,5.9,9,0,5.0,0,3,6.3,2,0,Chua xep loai
191204563,7.3,11,3,7.5,13,0,6.0,17,0,8.1,16,0,8.3,9,0,7.1,9,0,8.3,3,0,1.3,2,10,Chua xep loai
191201681,5.1,14,0,6.4,10,3,5.0,14,3,6.4,16,0,7.3,9,0,6.2,9,0,7.3,3,0,1.5,2,10,Chua xep loai
191202915,7.3,14,0,6.3,13,0,6.1,17,0,8.4,14,2,8.6,9,0,6.6,9,0,8.3,3,0,9.3,2,0,Chua xep loai
191201533,6.1,14,0,5.8,10,3,5.4,17,0,6.0,11,5,5.8,3,6,3.0,6,3,3.6,0,3,0.0,0,2,Chua xep loai
191212638,5.6,14,0,4.9,8,5,3.3,5,12,4.4,10,6,2.4,0,9,4.5,3,3,0.0,0,0,0.0,0,0,Chua xep loai
191214087,5.8,11,3,6.1,10,3,6.1,14,3,7.4,13,3,8.3,9,0,6.0,6,3,8.1,3,0,8.0,2,0,Chua xep loai
191200149,6.5,14,0,7.9,11,2,8.1,17,0,8.7,16,0,8.3,9,0,7.6,9,0,8.3,3,0,9.0,2,0,Chua xep loai
191213011,7.6,14,0,7.6,13,0,6.4,17,0,8.6,16,0,7.8,9,0,7.1,9,0,7.9,3,0,8.0,2,0,Chua xep loai
191210198,7.2,14,0,6.4,13,0,6.4,6,11,6.3,14,2,6.7,9,0,6.0,3,6,5.7,3,0,7.6,2,0,Chua xep loai
191202649,6.4,11,3,6.9,10,3,8.0,17,0,8.3,16,0,7.4,9,0,6.0,9,0,8.5,3,0,9.3,2,0,Chua xep loai
191202460,5.9,14,0,6.4,10,3,6.0,17,0,7.1,16,0,7.3,9,0,6.5,9,0,7.6,3,0,7.5,2,0,Chua xep loai
191203627,6.5,14,0,6.2,10,3,6.2,14,3,7.1,13,3,6.7,9,0,6.0,9,0,6.8,3,0,7.0,2,0,Chua xep loai
191203097,5.9,14,0,6.1,13,0,7.1,14,3,7.5,16,0,8.0,9,0,7.0,6,3,7.3,3,0,8.7,2,0,Chua xep loai
191203641,8.1,14,0,9.0,13,0,8.1,17,0,8.1,16,0,7.6,9,0,6.6,9,0,8.8,3,0,9.0,2,0,Chua xep loai
191203940,7.0,8,6,8.2,11,2,8.3,15,2,7.7,16,0,8.5,9,0,7.8,6,3,8.7,3,0,1.4,2,10,Chua xep loai
191202236,6.9,14,0,7.0,13,0,6.5,17,0,7.4,16,0,8.2,9,0,5.9,9,0,7.8,3,0,1.5,2,10,Chua xep loai
191201476,5.1,9,5,6.7,13,0,2.5,3,14,4.0,8,5,1.5,0,9,2.0,0,9,4.7,3,0,0.0,0,2,Chua xep loai
191200477,7.0,14,0,6.9,13,0,7.5,17,0,8.8,16,0,8.2,9,0,6.9,9,0,6.3,3,0,8.6,2,0,Chua xep loai
191200482,6.0,11,3,6.4,13,0,5.4,14,3,6.7,13,0,6.2,9,0,4.8,6,3,5.6,3,0,0.0,0,0,Chua xep loai
191210504,6.6,14,0,6.2,11,2,5.7,14,3,6.3,16,0,6.5,9,0,7.2,3,6,8.3,3,0,1.5,2,10,Chua xep loai
191200531,7.0,14,0,8.1,13,0,6.4,17,0,8.7,16,0,8.8,9,0,8.5,9,0,9.5,3,0,9.7,2,0,Chua xep loai
191202271,6.5,14,0,7.2,13,0,7.8,17,0,8.2,16,0,8.5,9,0,7.1,9,0,7.3,3,0,8.0,2,0,Chua xep loai
191204653,6.3,14,0,5.0,7,6,5.4,11,6,5.6,11,5,5.6,9,0,3.6,3,6,5.7,0,3,0.0,0,0,Chua xep loai
191212865,6.1,11,3,5.6,10,3,5.6,11,6,6.3,13,3,7.4,9,0,5.1,3,6,0.0,0,3,8.4,0,2,Chua xep loai
191203287,5.8,14,0,7.0,7,6,6.6,17,0,7.5,16,0,9.0,9,0,6.7,9,0,5.6,3,0,1.4,2,10,Chua xep loai
191203291,6.3,8,6,7.2,11,2,5.1,17,0,6.9,16,0,6.0,9,0,4.9,6,3,6.4,3,0,9.3,2,0,Chua xep loai
191213758,6.3,5,9,6.5,7,6,4.8,2,15,4.2,11,5,4.8,6,3,1.8,0,9,0.0,0,3,0.0,0,2,Chua xep loai
191201664,7.6,11,3,7.5,13,0,6.4,17,0,8.0,16,0,7.6,9,0,6.5,9,0,6.4,3,0,8.8,2,0,Chua xep loai
191204306,5.7,14,0,4.9,10,3,5.4,17,0,6.4,16,0,5.6,9,0,5.5,6,3,5.2,3,0,7.0,2,0,Chua xep loai
191214310,7.0,14,0,6.5,13,0,5.7,17,0,5.0,11,5,5.8,6,3,1.6,0,9,0.0,0,0,0.0,0,0,Chua xep loai
191212337,6.9,11,3,7.8,13,0,7.1,17,0,8.0,16,0,7.8,9,0,7.5,6,3,5.7,3,0,8.3,2,0,Chua xep loai
191204316,6.5,14,0,6.0,13,0,6.4,17,0,7.2,16,0,7.6,6,3,6.6,9,0,6.0,3,0,9.0,2,0,Chua xep loai
191203373,5.6,11,3,4.6,5,8,5.2,14,3,6.7,11,2,5.8,9,0,1.3,0,9,0.0,0,0,0.0,0,0,Chua xep loai
191201000,7.4,14,0,8.3,13,0,7.1,15,2,9.0,16,0,8.9,9,0,7.7,9,0,9.2,3,0,8.5,2,0,Chua xep loai
191203453,7.2,11,3,7.2,10,3,5.9,17,0,6.6,16,0,6.5,9,0,6.0,6,3,6.1,3,0,1.5,2,10,Chua xep loai
191202781,6.9,11,3,6.7,10,3,6.4,17,0,7.8,16,0,7.8,9,0,5.9,9,0,5.4,3,0,7.9,2,0,Chua xep loai
191213486,5.5,14,0,4.8,5,8,4.9,11,6,4.6,13,3,4.2,3,6,1.1,0,6,0.0,0,0,0.0,0,0,Chua xep loai
191214047,4.9,11,3,5.3,10,3,5.3,15,2,5.9,16,0,7.4,9,0,4.9,3,6,5.6,3,0,8.0,2,0,Chua xep loai
191201560,7.6,14,0,6.5,13,0,6.1,17,0,7.7,16,0,8.4,9,0,6.4,9,0,8.2,3,0,9.5,2,0,Chua xep loai
191243545,6.3,14,0,6.1,13,0,6.1,17,0,6.8,16,0,6.9,9,0,4.7,6,3,0.0,0,3,0.0,0,0,Chua xep loai
191211158,7.4,14,0,5.9,10,3,6.5,15,2,7.5,16,0,6.7,9,0,5.1,9,0,5.8,3,0,8.4,2,0,Chua xep loai
191201701,7.0,14,0,7.4,13,0,6.3,17,0,7.1,16,0,6.4,9,0,3.8,3,6,6.5,3,0,1.4,2,10,Chua xep loai
191201498,5.6,14,0,7.3,13,0,6.2,17,0,7.5,14,2,7.2,9,0,0.0,0,9,4.4,3,0,8.0,2,0,Chua xep loai
191201499,5.7,14,0,5.1,13,0,5.2,17,0,6.2,13,3,4.2,6,3,2.7,0,9,6.0,3,0,3.8,0,2,Chua xep loai
191200136,6.5,14,0,7.1,13,0,6.8,14,3,7.5,13,3,7.2,9,0,6.1,9,0,5.7,3,0,9.3,2,0,Chua xep loai
191201987,4.9,11,3,5.9,13,0,7.0,14,3,6.4,14,2,6.8,9,0,6.8,9,0,4.6,3,0,1.3,2,10,Chua xep loai
191213923,5.6,14,0,7.0,13,0,6.1,17,0,7.2,14,2,6.3,9,0,5.3,9,0,6.3,3,0,1.6,2,10,Chua xep loai
160713649,8.0,11,3,8.0,7,6,6.6,5,12,7.1,14,2,7.9,9,0,6.9,3,6,7.8,3,0,9.0,2,0,Chua xep loai
191203632,7.1,14,0,7.4,13,0,9.3,17,0,8.7,16,0,8.2,9,0,8.8,9,0,7.5,3,0,9.0,2,0,Chua xep loai
191203110,7.3,14,0,6.6,13,0,6.5,14,3,7.0,11,5,7.7,9,0,6.9,9,0,5.9,3,0,8.6,2,0,Chua xep loai
191200382,8.5,14,0,9.1,13,0,8.5,17,0,9.0,16,0,8.6,9,0,7.9,9,0,9.0,3,0,9.0,2,0,Chua xep loai
191214158,6.5,11,3,7.0,10,3,4.8,11,6,5.5,2,14,6.7,6,3,0.8,0,9,4.4,3,0,0.0,0,0,Chua xep loai
191203144,7.0,14,0,7.5,13,0,7.5,14,3,7.0,16,0,7.5,9,0,5.4,9,0,7.5,3,0,8.6,2,0,Chua xep loai
191202052,7.3,14,0,7.7,13,0,7.2,17,0,8.6,16,0,7.8,9,0,7.0,9,0,7.8,3,0,1.4,2,10,Chua xep loai
191201908,7.1,11,3,6.1,13,0,5.4,17,0,6.3,11,5,7.5,9,0,5.2,9,0,4.7,3,0,9.3,2,0,Chua xep loai
191204189,6.3,14,0,6.5,10,3,5.6,14,3,5.6,9,7,6.3,6,3,6.0,6,3,6.6,3,0,8.5,0,2,Chua xep loai
191203209,6.9,11,3,6.6,10,3,6.1,8,9,5.8,13,3,3.5,6,3,2.3,3,6,0.0,0,3,0.0,0,0,Chua xep loai
191201774,4.8,14,0,5.6,10,3,4.6,8,9,5.2,8,8,3.7,6,3,2.9,3,6,8.0,3,0,8.0,0,2,Chua xep loai
191203706,8.2,14,0,8.3,13,0,7.9,17,0,8.7,16,0,8.5,9,0,7.7,9,0,7.9,3,0,9.0,2,0,Chua xep loai
191204760,5.8,11,3,5.4,7,6,3.5,8,9,6.4,11,5,6.0,9,0,3.6,6,3,0.0,0,3,7.4,2,0,Chua xep loai
191200648,7.8,14,0,7.9,13,0,6.8,17,0,7.8,16,0,7.0,9,0,8.1,9,0,4.7,3,0,0.0,0,0,Chua xep loai
191202533,6.6,14,0,8.3,13,0,6.9,15,2,7.7,14,2,7.2,9,0,5.7,9,0,6.0,3,0,0.9,2,10,Chua xep loai
191203295,7.4,14,0,7.3,13,0,6.4,14,3,7.0,16,0,6.6,6,3,6.2,6,3,7.3,0,3,8.5,0,2,Chua xep loai
191200755,7.5,14,0,7.9,13,0,7.6,17,0,8.4,16,0,8.0,9,0,6.8,9,0,5.3,3,0,9.0,2,0,Chua xep loai
191210823,8.1,14,0,8.9,13,0,7.5,17,0,7.9,16,0,8.1,9,0,6.7,9,0,7.8,3,0,8.7,2,0,Chua xep loai
191213790,6.0,14,0,5.9,13,0,6.3,17,0,6.4,14,2,5.9,9,0,6.2,3,6,5.7,3,0,1.5,2,10,Chua xep loai
191204020,6.6,14,0,7.6,10,3,6.3,17,0,6.7,16,0,6.6,9,0,6.3,9,0,9.1,3,0,1.4,0,12,Chua xep loai
191200907,6.3,14,0,7.5,13,0,7.4,17,0,6.1,11,5,7.3,9,0,6.3,6,3,6.8,3,0,8.8,2,0,Chua xep loai
191201014,6.0,11,3,6.6,10,3,6.9,14,3,7.3,12,4,7.5,9,0,4.6,6,3,5.9,3,0,7.3,2,0,Chua xep loai
191241039,7.4,14,0,7.6,13,0,5.5,17,0,6.1,5,11,5.3,6,3,2.0,3,6,3.0,0,3,0.0,0,2,Chua xep loai
191204771,5.8,11,3,7.3,4,9,5.9,11,6,5.6,8,8,6.6,3,6,5.7,6,3,5.2,3,0,9.0,2,0,Chua xep loai
191202380,7.8,14,0,7.0,13,0,6.2,17,0,6.7,14,2,7.9,9,0,5.5,3,6,7.0,0,3,8.4,2,0,Chua xep loai
191201136,8.0,14,0,8.1,13,0,7.4,17,0,8.1,16,0,7.5,9,0,7.7,9,0,9.4,3,0,0.0,0,2,Chua xep loai
191201164,7.3,14,0,5.9,13,0,5.9,14,3,6.1,8,8,6.6,9,0,1.2,0,9,9.4,3,0,9.0,2,0,Chua xep loai
